titre,date,genre,durée,réalisateur,distributeur,acteurs,titre_original,nationalités,langue_d_origine,type_film,annee_production,budget,note_presse,note_spectateurs,nombre_article,recompenses,description
Le Cinquième élément,07/05/1997,Action,126,Luc Besson, Gaumont Buena Vista International (GBVI) ,"Bruce Willis,Gary Oldman,Ian Holm",The Fifth Element,"France,U.S.A.,Grande-Bretagne",Anglais,Long-métrage,1997,75 210 000 €,"3,0","4,2",5 articles de presse,5 prix et 8 nominations,
Jurassic Park,20/10/1993,Science fiction,122,Steven Spielberg, Universal Pictures International France ,"Sam Neill,Laura Dern,Jeff Goldblum",,,"Anglais, Espagnol",Long-métrage,1993,$ 63 000 000,"3,4","4,3",9 articles de presse,4 prix et 3 nominations,"Ne pas réveiller le chat qui dort... C'est ce que le milliardaire John Hammond aurait dû se rappeler avant de se lancer dans le ""clonage"" de dinosaures. C'est à partir d'une goutte de sang absorbée par un moustique fossilisé que John Hammond et son équipe ont réussi à faire renaître une dizaine d'espèces de dinosaures. Il s'apprête maintenant avec la complicité du docteur Alan Grant, paléontologue de renom, et de son amie Ellie, à ouvrir le plus grand parc à thème du monde. Mais c'était sans compter la cupidité et la malveillance de l'informaticien Dennis Nedry, et éventuellement des dinosaures, seuls maîtres sur l'île..."
Aladdin,10/11/1993,"Comédie musicale,Romance",90,John Musker, Gaumont Buena Vista International (GBVI) ,"Paolo Domingo,Scott Weinger,Richard Darbois",,,Anglais,Long-métrage,1992,28 000 000 $,"4,4","4,3",448 Critiques Spectateurs,3 prix et 6 nominations,"Comment Aladdin, grâce à la félonie du grand vizir, va se procurer la lampe magique qui héberge le fameux génie et nous entraîner dans la plus étonnante des aventures."
La Vérité si je mens ! 2,07/02/2001,,105,Thomas Gilou, Warner Bros. France ,"Richard Anconina,José Garcia,Gad Elmaleh",,,Français,Long-métrage,2000,"12,56 000 000 €","3,7","2,8",19 articles de presse,,"Dans le quartier du Sentier, Eddie Vuibert, Dov et Yvan sont confrontés aux procédés pour le moins expéditifs de leur nouveau client, Eurodiscount, une chaîne européenne d'hypermarchés. Karine, lasse des turpitudes de son volage époux, Dov, le chasse du foyer. La bande de copains se disloque."
La Famille Bélier,17/12/2014,,106,Eric Lartigau, Mars Films ,"Louane Emera,Karin Viard,François Damiens",,"France,Belgique","Français, Espagnol",Long-métrage,2014,-,"3,7","3,8",30 articles de presse,4 prix et 8 nominations,"Dans la famille Bélier, tout le monde est sourd sauf Paula, 16 ans. Elle est une interprète indispensable à ses parents au quotidien, notamment pour l’exploitation de la ferme familiale. Un jour, poussée par son professeur de musique qui lui a découvert un don pour le chant, elle décide de préparer le concours de Radio France. Un choix de vie qui signifierait pour elle l’éloignement de sa famille et un passage inévitable à l’âge adulte."
Les Bidasses en folie,,,90,Claude Zidi,,"Gérard Rinaldi,Gérard Filipelli,Jean Sarrus",,,Français,Long-métrage,1971,-,"2,4",,69 Critiques Spectateurs,,"Cinq copains inséparables ont décidé de créer une formation ""pop"". Ils utilisent comme lieu de répétition, le champ appartenant à l'oncle de l'un d'entre eux et tentent d'y construire une bicoque en ""empruntant"" des matériaux, ici et là. Ayant choisi des instruments dans un magasin, ils s'aperçoivent que la facture est trop onéreuse pour leur bourse."
Harry Potter et la Coupe de Feu,30/11/2005,,155,Mike Newell, Warner Bros. France ,"Daniel Radcliffe,Emma Watson,Rupert Grint",Harry Potter and the Goblet of Fire,"U.S.A.,Grande-Bretagne",Anglais,Long-métrage,2005,150 000 000 $,"4,0","3,9",23 articles de presse,4 prix et 15 nominations,"La quatrième année à l'école de Poudlard est marquée par le ""Tournoi des trois sorciers"". Les participants sont choisis par la fameuse ""coupe de feu"" qui est à l'origine d'un scandale. Elle sélectionne Harry Potter alors qu'il n'a pas l'âge légal requis !"
Spider-Man: No Way Home,15/12/2021,"Aventure,Fantastique",148,Jon Watts, Sony Pictures Releasing France ,"Tom Holland, Zendaya,Benedict Cumberbatch",,,Anglais,Long-métrage,2021,-,"3,3","3,9",27 articles de presse,,"Pour la première fois dans son histoire cinématographique, Spider-Man, le héros sympa du quartier est démasqué et ne peut désormais plus séparer sa vie normale de ses lourdes responsabilités de super-héros. Quand il demande de l'aide à Doctor Strange, les enjeux deviennent encore plus dangereux, le forçant à découvrir ce qu'être Spider-Man signifie véritablement."
Orange mécanique,21/04/1972,Drame,136,Stanley Kubrick, Warner Bros. France ,"Malcolm McDowell,Patrick Magee,Michael Bates",A Clockwork Orange,"Grande-Bretagne,U.S.A.",Anglais,Long-métrage,1971,$ 2 200 000,"4,8","4,2",5 articles de presse,12 nominations,"Au XXIème siècle, où règnent la violence et le sexe, Alex, jeune chef de bande, exerce avec sadisme une terreur aveugle. Après son emprisonnement, des psychanalystes l'emploient comme cobaye dans des expériences destinées à juguler la criminalité..."
Ivanhoé,,,106,Richard Thorpe,"
5 nominations
","Robert Taylor,Elizabeth Taylor,Joan Fontaine",Ivanhoe,,Anglais,Long-métrage,1952,-,"3,6",,61 Critiques Spectateurs,5 nominations,"Parti combattre en Terre Sainte, le roi d'Angleterre, Richard Cœur de Lion, disparaît mystérieusement. Son fidèle chevalier, Ivanhoé, part alors à sa recherche et retrouve sa trace en Autriche où le souverain est retenu captif par le redoutable duc Léopold. Aidé par son allié, Robin des Bois, le courageux cavalier va tout mettre en œuvre pour libérer son roi."
Les Feux de la rampe,31/10/1952,Comédie,137,Charles Chaplin, Théâtre du Temple ,"Charles Chaplin,Claire Bloom,Buster Keaton",Limelight,,Anglais,Long-métrage,1952,-,"4,0","4,2",1 article de presse,2 prix et 3 nominations,"Londres, 1914. Autrefois clown adulé, Calvero est désormais vieux et alcoolique. Un jour, en rentrant chez lui, il sauve de la mort sa voisine, Terry, une jeune ballerine qui a tenté de se suicider…"
La Grande évasion,11/09/1963,Drame,169,John Sturges, Swashbuckler Films ,"Steve McQueen,Charles Bronson,James Donald",The Great Escape,,"Anglais, Allemand, Français, Russe",Long-métrage,1963,4 000 000 $,"3,8","4,3",5 articles de presse,2 nominations,"Durant la Seconde Guerre Mondiale, des officiers alliés récidivistes de l'évasion sont prisonniers et surveillés étroitement dans un stalag. Malgré cela, ils préparent une évasion massive. Avant même que l'alerte ne soit déclenchée, soixante-quinze d'entre eux parviennent à s'échapper..."
Titanic,07/01/1998,Romance,194,James Cameron, The Walt Disney Company France ,"Leonardo DiCaprio,Kate Winslet,Billy Zane",,,Anglais,Long-métrage,1997,200 000 000 $,"4,9","4,3",8 articles de presse,15 prix et 18 nominations,"Southampton, 10 avril 1912. Le paquebot le plus grand et le plus moderne du monde, réputé pour son insubmersibilité, le ""Titanic"", appareille pour son premier voyage. Quatre jours plus tard, il heurte un iceberg. A son bord, un artiste pauvre et une grande bourgeoise tombent amoureux."
Avatar,16/12/2009,Aventure,162,James Cameron, The Walt Disney Company France ,"Sam Worthington,Zoe Saldana,Sigourney Weaver",,,"Anglais, Espagnol",Long-métrage,2009,237 000 000 $,"4,3","4,3",30 articles de presse,10 prix et 19 nominations,"Malgré sa paralysie, Jake Sully, un ancien"
Les Visiteurs,27/01/1993,,105,Jean-Marie Poiré, Gaumont Buena Vista International (GBVI) ,"Jean Reno,Christian Clavier,Valérie Lemercier",,,Français,Long-métrage,1993,-,"3,2","3,8",5 articles de presse,1 prix et 7 nominations,"En l'an de grace 1123, le comte de Montmirail et son fidèle écuyer, Jacquouille la Fripouille, se retrouvent propulsés en l'an 1992 apres avoir bu une potion magique fabriquée par l'enchanteur Eusaebius, censée leur permettre de se défaire d'un terrible sort."
La Reine des neiges II,20/11/2019,Musical,104,Jennifer Lee, The Walt Disney Company France ,"Emmylou Homs,Kristen Bell,Charlotte Hervieux",Frozen II,,Anglais,Long-métrage,2019,-,"3,3","3,4",650 Critiques Spectateurs,4 nominations,
Ben-Hur,01/10/1960,"Drame,Historique",212,William Wyler, Warner Bros. France ,"Charlton Heston,Stephen Boyd,Jack Hawkins",,,Anglais,Long-métrage,1959,15 900 000 $,"3,3","4,1",7 articles de presse,15 prix et 2 nominations,"Judas Ben-Hur, prince de Judée, retrouve son ami d'enfance Messala, venu prendre la tête de la garnison de Jérusalem. Mais leur amitié ne peut résister à leurs caractères différents."
Les Dix commandements,01/01/1958,"Drame,Action",220,Cecil B. DeMille, Swashbuckler Films ,"Charlton Heston,Yul Brynner,Anne Baxter",The Ten Commandments,,Anglais,Long-métrage,1956,13 500 000 $,"4,0",,180 Critiques Spectateurs,1 prix et 6 nominations,
Avatar : la voie de l'eau,14/12/2022,"Aventure,Fantastique,Action",192,James Cameron, The Walt Disney Company France ,"Sam Worthington,Zoe Saldana,Sigourney Weaver",Avatar: The Way of Water,,Anglais,Long-métrage,2022,-,"4,1","4,2",42 articles de presse,2 prix et 6 nominations,"Se déroulant plus d’une décennie après les événements relatés dans le premier film, AVATAR : LA VOIE DE L’EAU raconte l'histoire des membres de la famille Sully (Jake, Neytiri et leurs enfants), les épreuves auxquelles ils sont confrontés, les chemins qu’ils doivent emprunter pour se protéger les uns les autres, les batailles qu’ils doivent mener pour rester en vie et les tragédies qu'ils endurent."
Les 101 Dalmatiens,20/12/1961,,79,Clyde Geronimi,"
# prix
","Claude Chantal,Lisa Davis,Roger Rudel",101 Dalmatians,,Anglais,Long-métrage,1961,US$ 4.000.000,"3,9",,,,"Pongo et Perdita, deux magnifiques dalmatiens, ont un beau jour quinze bébés chiens. Leur joie et celle de leurs maîtres, Roger et Anita, serait sans ombre si l’infâme Cruella, ancienne camarade de classe d’Anita, ne convoitait les chiots pour la réalisation d’un manteau de fourrure. Un soir, profitant de l’absence du couple, les méchants Jasper et Horace font main basse sur la portée. Pongo et Perdita se lancent alors dans un plan de sauvetage désespéré qui va les conduire à mener vers l’évasion non pas 15, mais quelques 99 chiots…"
Astérix et Obélix : Mission Cléopâtre,30/01/2002,,112,Alain Chabat, Pathé ,"Gérard Depardieu,Christian Clavier,Jamel Debbouze",,,Français,Long-métrage,2001,50 300 000 €,"3,8","4,1",16 articles de presse,1 prix et 2 nominations,"Cléopâtre, la reine d’Égypte, décide, pour défier l'Empereur romain Jules César, de construire en trois mois un palais somptueux en plein désert. Si elle y parvient, celui-ci devra concéder publiquement que le peuple égyptien est le plus grand de tous les peuples. Pour ce faire, Cléopâtre fait appel à Numérobis, un architecte d'avant-garde plein d'énergie. S'il réussit, elle le couvrira d'or. S'il échoue, elle le jettera aux crocodiles."
Il était une fois dans l'Ouest,27/08/1969,,175,Sergio Leone, Splendor Films ,"Henry Fonda,Charles Bronson,Frank Wolff",Once Upon a Time in the West,"U.S.A.,Italie","Italien, Anglais",Long-métrage,1968,5 000 000 $,"4,0","4,5",5 articles de presse,,"Alors qu'il prépare une fête pour sa femme, Bet McBain est tué avec ses trois enfants. Jill McBain hérite alors des terres de son mari, terres que convoite Morton, le commanditaire du crime (celles-ci ont de la valeur maintenant que le chemin de fer doit y passer). Mais les soupçons se portent sur un aventurier, Cheyenne..."
Le Livre de la jungle,18/10/1967,"Aventure,Famille",78,Wolfgang Reitherman, Buena Vista International ,"Claude Bertrand,Phil Harris,René Arrieu",The Jungle Book,,Anglais,Long-métrage,1967,-,"4,2",,11 Photos,,"La panthère Bagheera découvre dans la jungle un jeune enfant abandonné. Elle décide de le confier à une famille de loups qui l'élève comme un louveteau. Alors que Mowgli a dix ans, le tigre Shere Kahn approche du territoire des loups. Pour éviter à l'enfant une fin inévitable, les loups l'éloignent et décident de le confier aux hommes d'un village proche. C'est Bagheera qui le conduit. Pendant leur voyage, ils feront de nombreuses rencontres, parfois redoutables."
La Grande Vadrouille,08/12/1966,,132,Gérard Oury, StudioCanal ," Bourvil,Louis de Funès,Claudio Brook",,"France,Grande-Bretagne","Français, Anglais, Allemand",Long-métrage,1966,-,"3,8","4,3",5 articles de presse,,"En 1942, un avion anglais est abattu par les Allemands au-dessus de Paris. Les trois pilotes sautent en parachute et atterrissent dans différents endroits de la capitale. Ils sont aidés par deux civils français, un chef d'orchestre et un peintre en bâtiment qui acceptent de les mener en zone libre; ils deviennent ainsi, malgré eux, acteurs de la Résistance."
Intouchables,02/11/2011,,112,Eric Toledano, Gaumont Distribution ,"François Cluzet,Omar Sy,Anne Le Ny",,,Français,Long-métrage,2011,9 500 000 €,"3,7","4,4",28 articles de presse,16 prix et 32 nominations,"A la suite d’un accident de parapente, Philippe, riche aristocrate, engage comme aide à domicile Driss, un jeune de banlieue tout juste sorti de prison. Bref la personne la moins adaptée pour le job. Ensemble ils vont faire cohabiter Vivaldi et Earth Wind and Fire, le verbe et la vanne, les costumes et les bas de survêtement... Deux univers vont se télescoper, s’apprivoiser, pour donner naissance à une amitié aussi dingue, drôle et forte qu’inattendue, une relation unique qui fera des étincelles et qui les rendra... Intouchables."
Bienvenue chez les Ch'tis,20/02/2008,,106,Dany Boon, Pathé ,"Kad Merad,Dany Boon,Zoé Félix",,,Français,Long-métrage,2008,11 000 000 €,"3,6","3,1",21 articles de presse,6 prix et 12 nominations,"Philippe Abrams est directeur de la poste de Salon-de-Provence. Il est marié à Julie, dont le caractère dépressif lui rend la vie impossible. Pour lui faire plaisir, Philippe fraude afin d'obtenir une mutation sur la Côte d'Azur. Mais il est démasqué: il sera muté à Bergues, petite ville du Nord."
Merlin l'enchanteur,01/12/1964,"Aventure,Famille",79,Wolfgang Reitherman, Warner Bros. France ,"Karl Swenson,Rickie Sorensen,Martha Wentworth",The Sword in the Stone,,Anglais,Long-métrage,1963,-,"4,0",,,,"Le jeune Moustique, 12 ans, rencontre un jour l'enchanteur Merlin, qui décide de faire son éducation. Ensemble, ils partent pour Londres, où a lieu un grand tournoi de chevalerie, dont le vainqueur sera proclamé roi d'Angleterre; à moins que quelqu'un ne parvienne à arracher l'épée de l'ancien roi, figée dans une enclume..."
Germinal,29/09/1993,Historique,160,Claude Berri, Agence Méditerranéenne de Location de Films (A.M.L.F.) ," Renaud,Judith Henry, Miou-Miou",,"France,Italie,Belgique",Français,Long-métrage,1993,-,"3,3",,168 Critiques Spectateurs,2 prix et 10 nominations,"A la fin du XIXe siècle, Etienne Lantier arrive à Montsou, un village minier. Avec l'aide de Maheu, un ouvrier haveur, il parvient à se faire embaucher. Quand l'un des sept enfants Maheu, Zacharie, se marie, Etienne prend sa place dans la maison familiale. Il s'est lié d'amitié avec Maheu..."
La Chartreuse de Parme,16/05/1948,,170, Christian-Jaque,,"Gérard Philipe,Renée Faure,María Casares",,"Italie,France",Français,Long-métrage,1947,-,"3,5",,7 Critiques Spectateurs,,"Fabrice del Dongo se rend a Parme, chez la Sanseverina, ou il tombe amoureux de la fille du directeur de la prison."
Marche à l'ombre,17/10/1984,,90,Michel Blanc,"
2 nominations
","Gérard Lanvin,Michel Blanc,Sophie Duez",,,Français,Long-métrage,1984,-,"3,2",,122 Critiques Spectateurs,2 nominations,"Francois, routard fatigué, débarque dans le port de Marseille. Musicien hors-pair, il est bien décidé à exploiter son talent dans les studios parisiens. Denis, inseparable compagnon et négatif de Fançois, est un grand spécialiste de l'angoisse et ne cesse de gémir. Vu ce qui les attend a Paris, il n'est pas prêt de s'arrêter..."
Le Père tranquille,,,95,René Clément,," Noël-Noël,Nadine Alari,Paul Frankeur",,,Français,Long-métrage,1946,-,"3,7",,6 Critiques Spectateurs,,"En Charente, pendant l'Occupation, Edouard Martin, un quinquagénaire à la vie apparemment paisible est en réalité le chef d'un réseau de résistants."
Le Retour de Don Camillo,,,100,Julien Duvivier,," Fernandel,Gino Cervi,Edouard Delmont",,"France,Italie",Italien,Long-métrage,1953,-,"3,1",,40 Critiques Spectateurs,,"Le maire Peppone se retrouve dans une situation délicate : sauver sa petite commune d'une innondation proche en l'absence de Don Camillo. Très vite, il réalise que cette tâche sera insurmontable et est obligé de rappeler à la rescousse le sympathique curé. Mais, plus fier que jamais, il met en place une rencontre de boxe visant à ne pas passer pour un perdant et à destabiliser Don Camillo."
Indiana Jones et la Dernière Croisade,18/10/1989,Action,127,Steven Spielberg, United International Pictures (UIP) ,"Harrison Ford,Sean Connery,Denholm Elliott",Indiana Jones and the Last Crusade,,Anglais,Long-métrage,1989,48 000 000 $,"4,4","4,4",5 articles de presse,1 prix et 8 nominations,"L'archéologue aventurier Indiana Jones se retrouve aux prises avec un maléfique milliardaire. Aux côtés de la cupide Elsa et de son père, il part à la recherche du Graal."
Le Roi Lion,23/11/1994,"Aventure,Comédie musicale,Famille",89,Roger Allers, The Walt Disney Company France ,"Emmanuel Curtil,Matthew Broderick,Dimitri Rougeul",The Lion King,,Anglais,Long-métrage,1994,45 000 000 $,"3,4","4,5",1143 Critiques Spectateurs,4 prix et 3 nominations,"Sur les Hautes terres d’Afrique règne un lion tout-puissant, le roi Mufasa, que tous les hôtes de la jungle respectent et admirent pour sa sagesse et sa générosité. Son jeune fils Simba sait qu’un jour il lui succédera, conformément aux lois universelles du cycle de la vie, mais il est loin de deviner les épreuves et les sacrifices que lui imposera l’exercice du pouvoir. Espiègle, naïf et turbulent, le lionceau passe le plus clair de son temps à jouer avec sa petite copine Nala et à taquiner Zazu, son digne précepteur. Son futur royaume lui apparaît en songe comme un lieu enchanté où il fera bon vivre, s’amuser et donner des ordres. Cependant, l’univers de Simba n’est pas aussi sûr qu’il le croie. Scar, le frère de Mufasa, aspire en effet depuis toujours au trône. Maladivement jaloux de son aîné, il intrigue pour l’éliminer en même temps que son successeur. Misant sur la curiosité enfantine et le tempérament aventureux de Simba, il révèle à celui-ci l’existence d’un mystérieux et dangereux cimetière d’éléphants. Simba, oubliant les avertissements répétés de son père, s’y rend aussitôt en secret avec Nala et se fait attaquer par 3 hyènes féroces. Par chance, Mufasa arrive à temps pour sauver l’imprudent lionceau et sa petite compagne. Mais Scar ne renonce pas à ses sinistres projets. Aidé des 3 hyènes, il attire Simba dans un ravin et lance à sa poursuite un troupeau de gnous. N’écoutant que son courage, Mufasa sauve à nouveau son fils et tente de se mettre à l’abri en gravissant la falaise. Repoussé par son frère félon, il périt sous les sabots des gnous affolés. Scar blâme alors l’innocent Simba pour la mort du Roi et le persuade de quitter pour toujours les Hautes terres. Simba se retrouve pour la première fois seul et démuni face à un monde hostile. C’est alors que le destin place sur sa route un curieux tandem d’amis..."
Les Dents de la Mer,18/06/1975,Action,124,Steven Spielberg, Universal Pictures International France ,"Roy Scheider,Robert Shaw,Richard Dreyfuss",Jaws,,Anglais,Long-métrage,1975,12 000 000 $,"3,2","4,0",5 articles de presse,4 prix et 13 nominations,
Harry Potter et l'Ordre du Phénix,11/07/2007,"Aventure,Drame,Famille",138,David Yates, Warner Bros. France ,"Daniel Radcliffe,Rupert Grint,Emma Watson",Harry Potter and the Order of the Phoenix,"U.S.A.,Grande-Bretagne",Anglais,Long-métrage,2007,150 000 000 $,"3,1","3,8",18 articles de presse,2 prix et 14 nominations,"Alors qu'il entame sa cinquième année d'études à Poudlard, Harry Potter découvre que la communauté des sorciers ne semble pas croire au retour de Voldemort, convaincue par une campagne de désinformation orchestrée par le Ministre de la Magie Cornelius Fudge. Afin de le maintenir sous surveillance, Fudge impose à Poudlard un nouveau professeur de Défense contre les Forces du Mal, Dolorès Ombrage, chargée de maintenir l'ordre à l'école et de surveiller les faits et gestes de Dumbledore. Prodiguant aux élèves des cours sans grand intérêt, celle qui se fait appeler la Grande Inquisitrice de Poudlard semble également décidée à tout faire pour rabaisser Harry. Entouré de ses amis Ron et Hermione, ce dernier met sur pied un groupe secret, ""L'Armée de Dumbledore"", pour leur enseigner l'art de la défense contre les forces du Mal et se préparer à la guerre qui s'annonce..."
Taxi 2,29/03/2000,"Comédie,Policier",90,Gérard Krawczyk, ARP Sélection ,"Samy Naceri,Frédéric Diefenthal,Marion Cotillard",,,"Français, Japonais, Allemand",Long-métrage,2000,10 700 000 €,"2,8","1,9",15 articles de presse,,"La ravissante Lily va enfin présenter Daniel à son père, un important général de l'armée française. Or, Daniel est retardé par une femme enceinte qui accouche dans son taxi. Malgré tout, le jeune homme réussit à séduire son simili-beau-père, mais le repas est brusquement interrompu car le général doit accueillir le Ministre japonais de la défense. Daniel le conduit à l'aéroport à une vitesse record. Il y retrouve son copain Emilien, policier toujours aussi dévoué, mais guère efficace."
Trois hommes et un couffin,18/09/1985,,100,Coline Serreau,"
3 prix et 6 nominations
","André Dussollier,Roland Giraud,Michel Boujenah",,,Français,Long-métrage,1985,-,"3,1",,82 Critiques Spectateurs,3 prix et 6 nominations,"""Un copain déposera un colis et passera le reprendre plus tard"". Tel est le message laissé par Jacques, avant son départ pour le Japon, à ses deux compères Pierre et Michel avec lesquels il partage un luxueux appartement. Comme prévu, le colis arrive et à la stupéfaction générale, il s'agit d'un bébé... Adieu liberté et aventures sans lendemain..."
Jean de Florette,27/08/1986,,120,Claude Berri, Pathé ,"Gérard Depardieu,Yves Montand,Daniel Auteuil",,"Suisse,France,Italie",Français,Long-métrage,1986,-,"4,0",,231 Critiques Spectateurs,5 prix et 14 nominations,"Dans un petit village de Haute Provence, Jean de Florette vient s'installer sur le terrain dont il vient d'hériter et rêve à de merveilleuses cultures. Mais Ugolin a lui aussi un projet pour ce terrain : y faire pousser des oeillets. Le vieil oncle Papet va l'y aider..."
Astérix et Obélix contre César,03/02/1999,Aventure,109,Claude Zidi, Agence Méditerranéenne de Location de Films (A.M.L.F.) ,"Christian Clavier,Gérard Depardieu,Roberto Benigni",,"Allemagne,France,Italie","Français, Allemand",Long-métrage,1999,"41,87 000 000 €","3,1","2,1",18 articles de presse,,Les aventures des héros d'un célèbre village gaulois qui luttent contre les Romains et leur empereur Jules César.
L'Ours,19/10/1988,"Drame,Famille",100,Jean-Jacques Annaud, Tamasa Distribution ,"Tchéky Karyo,Jack Wallace,André Lacombe",,"France,U.S.A.",Anglais,Long-métrage,1988,-,"3,9",,215 Critiques Spectateurs,2 prix et 6 nominations,"L'ourson Youk coule des jours heureux avec sa mère, mais une pierre qui se détache d'une paroi rocheuse le rend orphelin. Désemparé, Youk erre dans la nature à la recherche d'un quelconque réconfort, qu'il croit trouver auprès de Kodiak Kaar, un ours adulte. Celui-ci commence par repousser son jeune congénère, avant d'accepter de le prendre sous sa protection. Bientôt, Kodiak Kaar et Youk deviennent les meilleurs amis du monde."
Harry Potter et la chambre des secrets,04/12/2002,,150,Chris Columbus, Warner Bros. France ,"Daniel Radcliffe,Rupert Grint,Emma Watson",Harry Potter and The Chamber of Secrets,"U.S.A.,Grande-Bretagne",Anglais,Long-métrage,2002,100 000 000 $,"3,8","3,9",25 articles de presse,4 nominations,"Alors que l'oncle Vernon, la tante Pétunia et son cousin Dudley reçoivent d'importants invités à dîner, Harry Potter est contraint de passer la soirée dans sa chambre. Dobby, un elfe, fait alors son apparition. Il lui annonce que de terribles dangers menacent l'école de Poudlard et qu'il ne doit pas y retourner en septembre. Harry refuse de le croire."
Emmanuelle,26/06/1974,,90,Just Jaeckin,,"Sylvia Kristel,Alain Cuny,Marika Green",,,Français,Long-métrage,1974,500.000 $,"2,1",,44 Critiques Spectateurs,,"Emmanuelle est une jeune femme qui vit de manière très libérée avec son mari Jean. Lors du voyage qui la conduit à Bangkok pour rejoindre son époux, Emmanuelle rencontre deux hommes dans l'avion et s'octroie quelques plaisirs fugaces."
Le Monde de Nemo,26/11/2003,"Aventure,Famille",101,Andrew Stanton, The Walt Disney Company France ,"Franck Dubosc,Albert Brooks,Ellen DeGeneres",Finding Nemo,,Anglais,Long-métrage,2003,94 000 000 $,"4,5","4,2",845 Critiques Spectateurs,1 prix et 8 nominations,"Dans les eaux tropicales de la Grande Barrière de corail, un poisson-clown du nom de Marin mène une existence paisible avec son fils unique, Nemo. Redoutant l'océan et ses risques imprévisibles, il fait de son mieux pour protéger son fils. Comme tous les petits poissons de son âge, celui-ci rêve pourtant d'explorer les mystérieux récifs."
Autant en emporte le vent,20/05/1950,Romance,238,Victor Fleming, Warner Bros. France ,"Vivien Leigh,Clark Gable,Leslie Howard",Gone with the Wind,,Anglais,Long-métrage,1939,3 900 000 $,"4,4","4,1",5 articles de presse,9 prix et 5 nominations,"En Georgie, en 1861, Scarlett O'Hara est une jeune femme fière et volontaire de la haute société sudiste. Courtisée par tous les bons partis du pays, elle n'a d'yeux que pour Ashley Wilkes malgré ses fiançailles avec sa douce et timide cousine, Melanie Hamilton. Scarlett est pourtant bien décidée à le faire changer d'avis, mais à la réception des"
Le Grand Bleu,11/05/1988,"Drame,Romance",168,Luc Besson,"
2 prix et 8 nominations
","Jean-Marc Barr,Jean Reno,Rosanna Arquette",,"France,U.S.A.",Français,Long-métrage,1988,10 650 000 €,"4,6","3,8",5 articles de presse,2 prix et 8 nominations,"La rivalité de deux enfants, dans la mer, en Grèce, qui se poursuit lorsqu'ils sont adultes. Lequel des deux plongera le plus loin et le plus profond ? Leurs amours, leurs amitiés, avec les humains et avec les dauphins, à la poursuite d'un rêve inaccessible."
Pas si bête,19/03/1947,,100,André Berthomieu,," Bourvil,Suzy Carrier,Bernard Lancret",,,Français,Long-métrage,1946,-,"3,0",,9 Critiques Spectateurs,,"Léon Ménard, paysan normand dont on se moque pour sa simplicité et sa naïveté, se rend à un repas chez son oncle châtelain. Là, il va percer à jour les pique-assiettes, les coureurs de dots et les imposteurs en tout genre..."
Harry Potter à l'école des sorciers,05/12/2001,"Aventure,Famille",152,Chris Columbus, Warner Bros. France ,"Daniel Radcliffe,Rupert Grint,Emma Watson",Harry Potter and the Philosopher's Stone,"U.S.A.,Grande-Bretagne",Anglais,Long-métrage,2001,125 000 000 $,"3,7","4,1",20 articles de presse,12 nominations,"Orphelin, Harry Potter a été recueilli à contrecœur par son oncle Vernon et sa tante Pétunia, aussi cruels que mesquins, qui n'hésitent pas à le faire dormir dans le placard sous l'escalier. Constamment maltraité, il doit en outre supporter les jérémiades de son cousin Dudley, garçon cupide et archi-gâté par ses parents. De leur côté, Vernon et Pétunia détestent leur neveu dont la présence leur rappelle sans cesse le tempérament ""imprévisible"" des parents du garçon et leur mort mystérieuse."
Le Dîner de cons,15/04/1998,,80,Francis Veber, Gaumont Buena Vista International (GBVI) ,"Thierry Lhermitte,Jacques Villeret,Francis Huster",,,-,Long-métrage,1998,"12,50 000 000 €","4,2",,1201 Critiques Spectateurs,5 prix et 3 nominations,"Tous les mercredis, Pierre Brochant et ses amis organisent un dîner où chacun doit amener un con. Celui qui a trouvé le plus spectaculaire est declaré vainqueur. Ce soir, Brochant exulte, il est sur d'avoir trouvé la perle rare, un con de classe mondiale: Francois Pignon, comptable au ministère des Finances et passionné de modèles réduits en allumettes. Ce qu'il ignore c'est que Pignon est passe maître dans l'art de déclencher des catastrophes."
Les Canons de Navarone,,"Aventure,Drame,Guerre",158,Jack Lee Thompson,"
1 prix et 7 nominations
","Gregory Peck,David Niven,Anthony Quinn",The Guns of Navarone,"Grande-Bretagne,U.S.A.","Anglais, Allemand, Grec",Long-métrage,1961,6 000 000 $,"3,6",,81 Critiques Spectateurs,1 prix et 7 nominations,"Durant la seconde guerre mondiale, un commando est chargé d'un périlleuse mission : détruire deux énormes canons allemands situés sur l'île de Khéros."
Blanche-Neige et les sept nains,04/05/1938,,83,David Kerrick Hand, Buena Vista Pictures ,"Adriana Caselotti,Lucille La Verne,Moroni Olsen",Snow White and the Seven Dwarfs,,Anglais,Long-métrage,1937,"1,4 000 000 $","4,4","4,0",271 Critiques Spectateurs,1 prix et 2 nominations,"Blanche-Neige est une princesse d'une très grande beauté, ce qui rend jalouse sa belle-mère. Celle-ci demande quotidiennement à son miroir magique de lui dire qu'elle est la plus belle ; mais un jour, le miroir affirme que la plus belle femme du royaume est Blanche-Neige. La reine décide alors de la tuer mais le garde chargé de cette tâche ne trouve pas le courage et abandonne Blanche-Neige dans la forêt. Perdue, à bout de forces, elle échoue dans une maison où habitent sept nains."
Nous irons a Paris,08/02/1950,,98,Jean Boyer, Les Films Corona ,"Philippe Lemaire,Henri Genès,Christian Duvaleix",,,Français,Long-métrage,1949,-,"3,6",,7 Critiques Spectateurs,,"Mécontents de la radiodiffusion française, un chanteur de charme et sa fiancée, fille du propriétaire de la gaine « Lotus », un employé de bureau, ancien radio dans le maquis, et un pianiste créent la station de radio clandestine : « Radio X ». Ray Ventura et son orchestre apportent leur concours aux clandestins qui deviennent vite populaires dans toute la France. Recherchée par la gendarmerie sur l'ordre de la radio officielle et par le propriétaire de la gaine Lotus, la petite équipe se déplace sans arrêt. En arrivant à Paris, ils sont devenus si populaires que la radiodiffusion française pardonne et les reçoit dans ses services."
E.T. l'extra-terrestre,01/12/1982,"Famille,Aventure",120,Steven Spielberg, Universal Pictures International France ,"Henry Thomas,Drew Barrymore,Dee Wallace",E.T. The Extra-Terrestrial,,Anglais,Long-métrage,1982,10 500 000 $,"4,8","4,3",12 articles de presse,7 prix et 22 nominations,"Une soucoupe volante atterrit en pleine nuit près de Los Angeles. Quelques extraterrestres, envoyés sur Terre en mission d'exploration botanique, sortent de l'engin, mais un des leurs s'aventure au-delà de la clairière où se trouve la navette. Celui-ci se dirige alors vers la ville. C'est sa première découverte de la civilisation humaine. Bientôt traquée par des militaires et abandonnée par les siens, cette petite créature apeurée se nommant E.T. se réfugie dans une résidence de banlieue."
Star Wars: L'Ascension de Skywalker,18/12/2019,Aventure,142,J.J. Abrams, The Walt Disney Company France ,"Daisy Ridley,Adam Driver,Oscar Isaac",Star Wars: The Rise of Skywalker,,Anglais,Long-métrage,2019,-,"3,1","3,0",34 articles de presse,6 nominations,La conclusion de la saga Skywalker. De nouvelles légendes vont naître dans cette bataille épique pour la liberté.
Le Cercle des poètes disparus,17/01/1990,,128,Peter Weir, Warner Bros. France ,"Robin Williams,Ethan Hawke,Robert Sean Leonard",Dead Poets Society,,Anglais,Long-métrage,1989,16 400 000 $,"4,0","4,3",5 articles de presse,4 prix et 11 nominations,"Todd Anderson, un garçon plutôt timide, est envoyé dans la prestigieuse académie de Welton, réputée pour être l'une des plus fermées et austères des États-Unis, là où son frère avait connu de brillantes études."
L'Âge de glace 2,05/04/2006,"Aventure,Comédie",91,Carlos Saldanha, Twentieth Century Fox France ,"Gérard Lanvin,Ray Romano,Elie Semoun",Ice Age 2 : The Meltdown,,Anglais,Long-métrage,2005,80 000 000 $,"3,8","3,8",749 Critiques Spectateurs,1 prix et 8 nominations,"Pour Manny le mammouth, Sid le paresseux et Diego le tigre à dents de sabre, la vie est beaucoup plus douce depuis que les glaces fondent et que la température remonte. Mais les problèmes ne sont pas terminés pour autant !"
La Vache et le prisonnier,16/12/1959,,119,Henri Verneuil,," Fernandel, Pierre-Louis,Albert Rémy",,"France,Italie",Français,Long-métrage,1959,-,"3,8",,80 Critiques Spectateurs,,"En 1943, Charles Bailly, prisonnier de guerre français, décide de s'évader et de retourner en France. Il ne trouve comme stratagème qu'une vache, Marguerite, et un seau de lait pour traverser l'Allemagne de part en part. Après une première tentative manquée, il s'évade une nouvelle fois, mais Marguerite se perd dans un troupeau de vaches..."
L'Âge de glace : La dérive des continents,,"Aventure,Comédie",94,Steve Martino, Twentieth Century Fox France ,"Gérard Lanvin,Ray Romano,Vincent Cassel",Ice Age: Continental Drift,,Anglais,Long-métrage,2012,-,"3,3","3,7",1305 Critiques Spectateurs,,"Alors que Scrat poursuit inlassablement son gland avec toujours autant de malchance, il va cette fois provoquer un bouleversement d’une ampleur planétaire… Le cataclysme continental qu’il déclenche propulse Manny, Diego et Sid dans leur plus grande aventure. Tandis que le monde bouge au sens propre du terme, Sid va retrouver son épouvantable grand-mère, et la petite troupe va affronter un ramassis de pirates bien décidés à les empêcher de rentrer chez eux..."
Sissi,01/03/1957,"Drame,Historique",102,Ernst Marischka,,"Romy Schneider,Karlheinz Böhm,Magda Schneider",,,Allemand,Long-métrage,1955,-,"1,0","3,3",1 article de presse,,La jeune Sissi accompagne à la cour impèriale d'Autriche sa mère et sa soeur aînée Hélène promise au futur empereur. Comme à son habitude Sissi profite d'un moment en solitaire pour partir en promenade au cours de laquelle elle va rencontrer sans le savoir l'héritier impèrial...
Goldfinger,18/02/1965,"Action,Espionnage,Thriller",112,Guy Hamilton, United International Pictures (UIP) ,"Sean Connery,Gert Fröbe,Honor Blackman",,,"Anglais, Chinois, Espagnol",Long-métrage,1964,US$ 3 000 000,"3,9",,370 Critiques Spectateurs,1 prix et 1 nomination,"L'agent secret 007 est chargé d'enquêter sur les revenus d'Auric Goldfinger. La banque d'Angleterre a découvert qu'il entreposait d'énormes quantités d'or, mais s'inquiète de ne pas savoir dans quel but. Quelques verres, parties de golf, poursuites et autres aventures galantes plus loin, James Bond découvre en réalité les préparatifs du ""crime du siècle"", dont les retombées pourraient amener le chaos économique sur les pays développés du bloc Ouest..."
Top Gun: Maverick,25/05/2022,,131,Joseph Kosinski, Paramount Pictures France ,"Tom Cruise,Miles Teller,Jennifer Connelly",,,Anglais,Long-métrage,2022,-,"3,7","4,3",34 articles de presse,1 prix et 12 nominations,
Manon des Sources,19/11/1986,,120,Claude Berri, Pathé ,"Yves Montand,Daniel Auteuil,Emmanuelle Béart",,"Italie,France",Français,Long-métrage,1986,-,"3,9",,188 Critiques Spectateurs,1 prix et 1 nomination,"Dix ans plus tard. Manon vit dans la grotte de Baptistine dans les collines tandis que Ugolin culpabilise, amoureux fou de la belle. Elle va découvrir la source qui alimente le village et la détourner. Elle tient enfin sa vengeance. Peu à peu les langues du village se délient. La loi du silence est rompue et le Papet et Ugolin sont accusés d'avoir tué le père de Manon, Jean de Florette. Pour le Papet une autre terrible vérité éclate..."
La Belle au bois dormant,16/12/1959,"Fantastique,Musical",75,Wolfgang Reitherman,"
1 nomination
","Jeanine Forney,Mary Costa,Guy Chapelier",Sleeping Beauty,,Anglais,Long-métrage,1959,6 000 000 $,"3,8",,19 Photos,,"La princesse Aurore, victime d'un sort que lui a jeté la sorcière Maléfique, s'est endormie d'un profond sommeil dont le seul baiser d'un prince peut l'éveiller. Ses marraines, les fées Pimprenelle, Flora et Pâquerette, unissent leurs pouvoirs magiques pour aider le vaillant prince Philippe à combattre le redoutable dragon, gardien du château où dort Aurore."
Sous le plus grand chapiteau du monde,,Drame,152,Cecil B. DeMille,"
4 prix et 3 nominations
","Charlton Heston,Cornel Wilde,Betty Hutton",The Greatest Show on Earth,,Anglais,Long-métrage,1952,4 000 000 $,"3,8",,33 Critiques Spectateurs,4 prix et 3 nominations,"Le manager d'un grand cirque engage un nouveau trapèziste, meilleur que la belle Holly pourtant amoureuse du grand patron. Mais s'ensuit des intrigues amoureuses et policières qui nuiront au cirque en question."
Fanfan la Tulipe,30/03/1952,,100, Christian-Jaque, Les Acacias ,"Gérard Philipe,Gina Lollobrigida,Marcel Herrand",,"Italie,France",Français,Long-métrage,1951,-,"3,2",,48 Critiques Spectateurs,2 prix et 8 nominations,"Le sergent recruteur “La franchise” sillonnait la Normandie accompagné de sa fille, la belle Adeline, afin de recruter de nouveaux soldats prêts à aller mourir sur les champs de bataille du roi Louis XV. La tâche s’avérant de plus en plus difficile, ce racoleur avait mis au point un fin stratagème. Adeline, déguisée en bohémienne, arrêtait d’un sourire les garçons et lisait dans leur main une incroyable destinée : ils seraient les meilleurs soldats du royaume et épouseraient l’une des filles du roi. Fanfan la Tulipe, un jeune coq de village, passa par là…"
Le Bossu de Notre-Dame,27/11/1996,"Drame,Famille",91,Gary Trousdale,"
2 nominations
","Tom Hulce,Demi Moore,Tony Jay",The Hunchback of Notre-Dame,,"Anglais, Latin",Long-métrage,1996,100 000 000 $,"3,8",,,2 nominations,"En l'an de grâce 1482 à Paris, Quasimodo, jeune orphelin contrefait, est le sonneur de Notre-Dame. Il vit reclus dans le clocher sous la férule du puissant juge Frollo, son maître. Ses seules amies sont les gargouilles la Rocaille, la Muraille et la Voliere. Quasimodo rêve de vivre libre au milieu de tous ceux qu'il observe depuis longtemps. Ce moment tant attendu se présente le jour de la fête des fous et, désobéissant à Frollo, il se mêle au peuple venu célébrer la nouvelle année."
Le Docteur Jivago,01/10/1966,"Guerre,Historique,Romance",197,David Lean, Warner Bros. France ,"Omar Sharif,Julie Christie,Geraldine Chaplin",Doctor Zhivago,,"Anglais, Russe",Long-métrage,1965,11 000 000 $,"2,4","4,0",5 articles de presse,5 prix et 9 nominations,"Le docteur Jivago est enrôlé de force dans l'armée au début de la révolution d'Octobre. Commence un long exode qui le sépare de la femme qu'il aime. Ce médecin russe idéaliste sera ballotté dans les remous de l'Histoire, entre une vie conformiste auprès de son épouse et une passion aventureuse avec sa maîtresse."
Les trois frères,13/12/1995,,100,Bernard Campan, AMLF ,"Didier Bourdon,Bernard Campan,Pascal Légitimus",,,Français,Long-métrage,1995,7 150 000 €,"3,8",,663 Critiques Spectateurs,,"Le même jour, trois hommes découvrent qu'ils sont frères et héritent de 3 millions. Mais dix jours plus tard, l'héritage est détourné... et la galère commence pour trois frères qui n'ont que faire d'être frères."
Le Roi Lion,17/07/2019,"Animation,Famille",118,Jon Favreau, The Walt Disney Company France ,"Rayane Bensetti,Donald Glover,Anne Sila",The Lion King,,Anglais,Long-métrage,2019,-,"3,4","4,0",1363 Critiques Spectateurs,4 nominations,"Au fond de la savane africaine, tous les animaux célèbrent la naissance de Simba, leur futur roi. Les mois passent. Simba idolâtre son père, le roi Mufasa, qui prend à cœur de lui faire comprendre les enjeux de sa royale destinée. Mais tout le monde ne semble pas de cet avis. Scar, le frère de Mufasa, l'ancien héritier du trône, a ses propres plans. La bataille pour la prise de contrôle de la Terre des Lions est ravagée par la trahison, la tragédie et le drame, ce qui finit par entraîner l'exil de Simba. Avec l'aide de deux nouveaux amis, Timon et Pumbaa, le jeune lion va devoir trouver comment grandir et reprendre ce qui lui revient de droit…"
Astérix aux Jeux Olympiques,30/01/2008,"Comédie,Action",113,Thomas Langmann, Pathé ,"Clovis Cornillac,Gérard Depardieu,Alain Delon",,"France,Belgique,Espagne,Italie,Allemagne","Français, Portugais",Long-métrage,2008,78 000 000 €,"1,9","1,4",22 articles de presse,5 prix et 6 nominations,"Pour remporter les Jeux Olympiques et permettre au jeune Alafolix d'épouser la Princesse Irina, Astérix et Obélix devront affronter le machiavélique Brutus, fils de César, au cours d'une Olympiade."
Qu'est-ce qu'on a encore fait au Bon Dieu?,30/01/2019,,99,Philippe de Chauveron, UGC Distribution ,"Christian Clavier,Chantal Lauby,Ary Abittan",,,Français,Long-métrage,2018,-,"2,4","2,7",24 articles de presse,,Le retour des familles Verneuil et Koffi au grand complet !
Mission spéciale,,,105,Maurice de Canonge,,"Jany Holt,Pierre Renoir,Jean Davy",,,Français,Long-métrage,1945,-,,,,,Le commissaire Chabrier tente de lutter contre des espions allemands en 1940. Il constitue ensuite un réseau clandestin contre l'occupant.
Le Seigneur des anneaux : la communauté de l'anneau,19/12/2001,Aventure,178,Peter Jackson, Warner Bros. France ,"Elijah Wood,Sean Astin,Ian McKellen",The Lord of the Rings: The Fellowship of the Ring,"U.S.A.,Nouvelle-Zélande",Anglais,Long-métrage,2001,90 000 000 $,"3,7","4,5",17 articles de presse,8 prix et 22 nominations,"Dans ce chapitre de la trilogie, le jeune et timide Hobbit, Frodon Sacquet, hérite d'un anneau. Bien loin d'être une simple babiole, il s'agit de l'Anneau Unique, un instrument de pouvoir absolu qui permettrait à Sauron, le Seigneur des ténèbres, de régner sur la Terre du Milieu et de réduire en esclavage ses peuples. À moins que Frodon, aidé d'une Compagnie constituée de Hobbits, d'Hommes, d'un Magicien, d'un Nain, et d'un Elfe, ne parvienne à emporter l'Anneau à travers la Terre du Milieu jusqu'à la Crevasse du Destin, lieu où il a été forgé, et à le détruire pour toujours. Un tel périple signifie s'aventurer très loin en Mordor, les terres du Seigneur des ténèbres, où est rassemblée son armée d'Orques maléfiques... La Compagnie doit non seulement combattre les forces extérieures du mal mais aussi les dissensions internes et l'influence corruptrice qu'exerce l'Anneau lui-même."
Le Gendarme se marie,30/10/1968,,92,Jean Girault, Société Nouvelle de Cinématographie (SNC) ,"Louis de Funès,Claude Gensac,Michel Galabru",,"Italie,France",Français,Long-métrage,1968,-,"2,7",,170 Critiques Spectateurs,,"Le Maréchal des logis-chefs Cruchot, rencontre suite à un accident Josépha, la veuve d'un colonel de gendarmerie."
Avengers: Endgame,24/04/2019,"Aventure,Science fiction",181,Joe Russo, The Walt Disney Company France ,"Robert Downey Jr.,Chris Evans,Mark Ruffalo",,,Anglais,Long-métrage,2019,-,"3,2","4,2",33 articles de presse,3 nominations,"Thanos ayant anéanti la moitié de l’univers, les Avengers restants resserrent les rangs dans ce vingt-deuxième film des Studios Marvel, grande conclusion d’un des chapitres de l’Univers Cinématographique Marvel."
Les grandes vacances,01/12/1967,,100,Jean Girault, Tamasa Distribution ,"Louis de Funès,Ferdy Mayne,Martine Kelly",,,Français,Long-métrage,1967,-,"3,3",,107 Critiques Spectateurs,,"Son fils Philippe ayant échoué au bac, M. Bosquier décide de l'envoyer étudier en Angleterre. En contrepartie, il accueille Shirley, la fille de Mac Farrel, un distillateur de whisky écossais. Cependant, Philippe préfère rester en vacances en France et envoie son ami Michonnet à sa place."
Si Versailles m'était conté...,,Comédie,165,Sacha Guitry,,"Michel Auclair,Jean-Louis Barrault,Jean-Pierre Aumont",,,Français,Long-métrage,1954,-,"3,8",,11 Critiques Spectateurs,,"L'histoire du château de Versailles, depuis Louis XIV jusqu'à nos jours."
Les Miserables,,,227,Jean-Paul Le Chanois,,"Jean Gabin,Danièle Delorme,Bernard Blier",,"Italie,Allemagne,France",Français,Long-métrage,1957,-,"3,8",,42 Critiques Spectateurs,,"En 1818, un paysan, Jean Valjean parvient à s'évader du bagne de Toulon après vingt ans de travaux forcés (après avoir été injustement condamné). Jean Valjean revient en France où il aspire enfin à la tranquilité et au bonheur. Son destin bascule avec la rencontre de l'évêque de Digne, Mgr Myriel."
Monsieur Vincent,,Historique,111,Maurice Cloche,"
2 prix et 1 nomination
","Pierre Fresnay,Aime Clariond,Jean Debucourt",,,Français,Long-métrage,1947,-,"3,6",,9 Critiques Spectateurs,2 prix et 1 nomination,"Curé et précepteur, Vincent de Paul entreprend de venir en aide aux miséreux. Alors qu'il prend ses fonctions dans sa nouvelle paroisse, une terrible épidémie de peste s'abat sur la région. Dévoué jusqu'au sacrifice à la cause qu'il défend, Vincent de Paul sera canonisé."
Skyfall,26/10/2012,"Espionnage,Thriller",143,Sam Mendes, Sony Pictures Releasing France ,"Daniel Craig,Judi Dench,Javier Bardem",,"Grande-Bretagne,U.S.A.",Anglais,Long-métrage,2012,200 000 000 $,"4,0","4,2",24 articles de presse,7 prix et 12 nominations,"Lorsque la dernière mission de Bond tourne mal, plusieurs agents infiltrés se retrouvent exposés dans le monde entier. Le MI6 est attaqué, et M est obligée de relocaliser l’Agence. Ces événements ébranlent son autorité, et elle est remise en cause par Mallory, le nouveau président de l’ISC, le comité chargé du renseignement et de la sécurité. Le MI6 est à présent sous le coup d’une double menace, intérieure et extérieure. Il ne reste à M qu’un seul allié de confiance vers qui se tourner : Bond. Plus que jamais, 007 va devoir agir dans l’ombre. Avec l’aide d’Eve, un agent de terrain, il se lance sur la piste du mystérieux Silva, dont il doit identifier coûte que coûte l’objectif secret et mortel…"
La Guerre des boutons,18/04/1962,,90,Yves Robert, Malavida Films ,"Andre Treton,Martin Lartigue,Michel Galabru",,,Français,Long-métrage,1962,-,"4,2","3,9",5 articles de presse,2 nominations,"Entre les enfants de deux villages voisins, les Longevernes menés par Lebrac et les Velrans, menés par l’Aztec, c’est la guerre. Mais le jour où les Velrans apostrophent Grangibus et Tigibus d’une insulte jusque-là inconnue des Longevernes, pourtant experts en jurons fleuris, la guerre prend un tour nouveau. La dernière grande bataille se traduit par la capture d’un prisonnier qu’il faut punir de manière exemplaire. Lebrac se montre particulièrement retors : malheur au vaincu, un Velran, à qui l’on arrache tous ses boutons. En ces temps difficiles, les vêtements sont précieux et l’humiliation totale. La guerre n’est pas près de s’arrêter..."
Les Sept mercenaires,01/02/1961,,128,John Sturges, Carlotta Films ,"Yul Brynner,Eli Wallach,Horst Buchholz",The Magnificent Seven,,Anglais,Long-métrage,1960,-,"5,0","4,2",1 article de presse,2 nominations,
Harry Potter et le Prisonnier d'Azkaban,02/06/2004,Aventure,140,Alfonso Cuarón, Warner Bros. France ,"Daniel Radcliffe,Rupert Grint,Emma Watson",Harry Potter and the Prisoner of Azkaban,"U.S.A.,Grande-Bretagne",Anglais,Long-métrage,2004,130 000 000 $,"3,8","4,0",14 articles de presse,1 prix et 7 nominations,"Sirius Black, un dangereux sorcier criminel, s'échappe de la sombre prison d'Azkaban avec un seul et unique but : retrouver Harry Potter, en troisième année à l'école de Poudlard. Selon la légende, Black aurait jadis livré les parents du jeune sorcier à leur assassin, Lord Voldemort, et serait maintenant déterminé à tuer Harry..."
Rox et Rouky,25/11/1981,"Aventure,Famille",83,Richard Rich,,"Jacques Deschamps (I),Jack Albertson,Mickey Rooney",The Fox and the Hound,,Anglais,Long-métrage,1981,US$ 12 000 000,"3,8",,,,
Shrek 2,23/06/2004,"Comédie,Famille,Aventure",90,Andrew Adamson, United International Pictures (UIP) ,"Alain Chabat,Mike Myers,Med Hondo",,,Anglais,Long-métrage,2004,150 000 000 $,"4,1","3,9",805 Critiques Spectateurs,2 prix et 10 nominations,"Devenus de jeunes mariés, Shrek et Fiona rentrent de leur heureuse lune de miel. Ils sont invités par les parents de Fiona à venir dîner dans leur royaume, à Far Far Away. Mais ils ne se doutent pas que leur fille est devenue une ravissante ogresse..."
Jour de fête,04/05/1949,,76,Jacques Tati, Carlotta Films ,"Roger Rafal,Jacques Beauvais,Robert Balpo",,,Français,Long-métrage,1949,-,"4,8","3,9",4 articles de presse,,"Des forains s'installent dans un calme village. Parmi les attractions se trouve un cinéma ambulant où le facteur découvre un film documentaire sur ses collègues américains. Il décide alors de se lancer dans une tournée à ""l'américaine""."
Le Seigneur des anneaux : les deux tours,18/12/2002,Aventure,179,Peter Jackson, Warner Bros. France ,"Elijah Wood,Sean Astin,Viggo Mortensen",The Lord of the Rings: The Two Towers,"U.S.A.,Nouvelle-Zélande",Anglais,Long-métrage,2002,94 000 000 $,"4,0","4,5",20 articles de presse,4 prix et 14 nominations,"Après la mort de Boromir et la disparition de Gandalf, la Communauté s'est scindée en trois. Perdus dans les collines d'Emyn Muil, Frodon et Sam découvrent qu'ils sont suivis par Gollum, une créature versatile corrompue par l'Anneau. Celui-ci promet de conduire les Hobbits jusqu'à la Porte Noire du Mordor. A travers la Terre du Milieu, Aragorn, Legolas et Gimli font route vers le Rohan, le royaume assiégé de Theoden. Cet ancien grand roi, manipulé par l'espion de Saroumane, le sinistre Langue de Serpent, est désormais tombé sous la coupe du malfaisant Magicien. Eowyn, la nièce du Roi, reconnaît en Aragorn un meneur d'hommes. Entretemps, les Hobbits Merry et Pippin, prisonniers des Uruk-hai, se sont échappés et ont découvert dans la mystérieuse Forêt de Fangorn un allié inattendu : Sylvebarbe, gardien des arbres, représentant d'un ancien peuple végétal dont Saroumane a décimé la forêt..."
Star Wars - Le Réveil de la Force,16/12/2015,"Action,Science fiction",135,J.J. Abrams, The Walt Disney Company France ,"Daisy Ridley,John Boyega,Adam Driver",Star Wars: Episode VII - The Force Awakens,,Anglais,Long-métrage,2015,$245.000.000 dlls,"4,0","3,6",39 articles de presse,1 prix et 7 nominations,"Dans une galaxie lointaine, très lointaine, un nouvel épisode de la saga ""Star Wars"", 30 ans après les événements du ""Retour du Jedi""."
La Belle et le Clochard,01/10/1955,"Famille,Comédie musicale",75,Hamilton Luske,"
1 nomination
","Larry Roberts,Barbara Luddy,Peggy Lee",Lady and the Tramp,,Anglais,Long-métrage,1955,4 000 000 $,"5,0","4,0",186 Critiques Spectateurs,,"Les aventures amoureuses de Lady, ravissant cocker et de Clochard le batard, perturbées par tante Sarah et ses deux adorables chats siamois, Si et Am, diaboliques et sournois."
Le Corniaud,24/03/1965,,110,Gérard Oury, Tamasa Distribution ,"Louis de Funès, Bourvil,Jacques Ary",,"Italie,France",Français,Long-métrage,1964,-,"3,7",,388 Critiques Spectateurs,,"Saroyan, un trafiquant, utilise un honnête commerçant, répondant au nom d'Antoine Maréchal, pour emmener de Naples à Bordeaux une Cadillac remplie d'héroïne."
Le Jour le plus long,25/09/1962,"Drame,Action,Historique",182,Ken Annakin, Moonriver Entertainment ,"Henry Fonda, Bourvil,Richard Burton",The Longest Day,,"Anglais, Français, Allemand",Long-métrage,1962,10 000 000 $,"4,2",,201 Critiques Spectateurs,2 prix et 4 nominations,L'évènement militaire qui va mettre fin à la seconde guerre mondiale: le débarquement en Normandie par l'armée américaine.
Qu'est-ce qu'on a fait au Bon Dieu?,16/04/2014,,97,Philippe de Chauveron, UGC Distribution ,"Christian Clavier,Chantal Lauby,Ary Abittan",,,Français,Long-métrage,2014,-,"3,8","3,4",8 articles de presse,1 prix et 1 nomination,
Les Bronzés 3 amis pour la vie,01/02/2006,,97,Patrice Leconte, Warner Bros. France ,"Thierry Lhermitte,Gérard Jugnot,Josiane Balasko",,,"Français, Anglais, Italien",Long-métrage,2005,35 000 000 €,"2,7","1,4",25 articles de presse,2 prix et 11 nominations,"En 1978, Popeye, Gigi, Jérôme, Bernard, Nathalie et Jean-Claude faisaient connaissance en Côte d'Ivoire dans un club de vacances. Amours, coquillages et crustacés."
Les Aristochats,08/12/1971,"Comédie,Famille,Aventure",75,Wolfgang Reitherman, The Walt Disney Company France ,"Claude Bertrand,Phil Harris,Michèle Andrée",The Aristocats,,Anglais,Long-métrage,1970,4.00 M$,"4,1",,,2 nominations,"Paris, 1910. Madame de Bonnefamille, millionnaire excentrique, vit seule entourée de ses chats : Duchesse et ses trois petits, Marie, Toulouse et Berlioz. Un jour, elle convie son notaire pour léguer toute sa fortune à ses compagnons à quatre pattes. Cependant, une clause du testament stipule qu'à la mort des chats, ses biens iront à son maître d'hôtel, Edgar. Ce dernier, entendant la nouvelle, décide d'éliminer ces héritiers. Après leur avoir administré une drogue, il les emporte à la campagne avec la ferme intention de les noyer…"
Jeanne d'Arc,19/10/1949,Drame,145,Victor Fleming,"
3 prix et 5 nominations
","Ingrid Bergman,Francis L. Sullivan,J. Carrol Naish",Joan of Arc,,Anglais,Long-métrage,1948,US$ 4.600.000,"2,6",,11 Critiques Spectateurs,3 prix et 5 nominations,"L'épopée de Jeanne d'Arc, qui reçut l'ordre divin de délivrer son pays de l'envahisseur anglais."
Cendrillon,01/12/1950,"Fantastique,Romance,Comédie musicale",75,Wilfred Jackson, Buena Vista International ,"Ilene Woods,Eleanor Audley,Verna Felton",Cinderella,,Anglais,Long-métrage,1950,$ 2 900 000,"4,3","3,9",215 Critiques Spectateurs,1 prix et 7 nominations,"Cendrillon, servante de sa marâtre et de ses demi-soeurs reçoit un jour la visite de sa marraine fée qui la pare d'une robe de princesse à l'occasion d'une reception donnée par le prince. N'ayant que la permission de minuit, elle s'enfuit et perd une pantoufle de verre. Le prince tombé amoureux tentera de la retrouver grâce à cette pantoufle oubliée, trop petite pour un pied ordinaire."
Le Pont de la rivière Kwaï,01/12/1957,Drame,161,David Lean, Park Circus France ,"Alec Guinness,William Holden,Jack Hawkins",The Bridge on the River Kwai,"Grande-Bretagne,U.S.A.","Anglais, Japonais, Thaï",Long-métrage,1957,3 000 000 $,"3,8","4,1",4 articles de presse,14 prix et 2 nominations,"En 1943, un régiment anglais interné dans un camp de prisonniers en Birmanie est affecté à la construction d'un pont en pleine jungle. Après s'être opposé à ce projet, le colonel cède aux exigences japonaises. Il ignore que les Américains préparent le dynamitage du pont..."
Le Gendarme et les extraterrestres,31/01/1979,,87,Jean Girault,,"Louis de Funès,Michel Galabru,Maria Mauban",,,Français,Long-métrage,1979,-,"2,2",,180 Critiques Spectateurs,,
Quo Vadis,01/10/1953,"Drame,Romance",171,Mervyn LeRoy,"
1 prix et 8 nominations
","Robert Taylor,Deborah Kerr,Peter Ustinov",,,Anglais,Long-métrage,1951,7 000 000 $,"3,7",,61 Critiques Spectateurs,1 prix et 8 nominations,"A Rome, le général Marcus Vinicius rencontre Lygia, une esclave, dont il tombe amoureux. Mais elle est chrétienne et ne veut rien avoir à faire avec un homme de guerre. Marcus la rachète pourtant à l'empereur Néron, mais elle s'échappe avec l'aide d'un ami. En la retrouvant, Marcus va apprendre à connaître les Chrétiens."
Bambi,01/05/1948,Famille,68,David Kerrick Hand, The Walt Disney Company France ,"Hardie Albright,Sam Edwards,Ann Gillis",,,Anglais,Long-métrage,1942,-,"3,9",,,3 nominations,"La terre s’éveille sous les rayons du soleil printanier. Une grande effervescence s’empare des hôtes de la forêt : un Petit Prince vient de naître. Tous les animaux des alentours viennent féliciter l’heureuse mère et admirer le jeune faon qui s’éveille à la vie. Il s’appellera Bambi. Curieux de tout, il va explorer son futur royaume, y rencontrer des compagnons attendrissant (le facétieux Panpan, l’adorable Fleur et la malicieuse Féline) et apprendre à appréhender le danger…"
Spider-Man 3,01/05/2007,Action,139,Sam Raimi, Gaumont Columbia Tristar Films ,"Tobey Maguire,Kirsten Dunst,James Franco",,,Anglais,Long-métrage,2007,258 000 000 $,"3,7","3,5",27 articles de presse,1 prix et 13 nominations,"Peter Parker a enfin réussi à concilier son amour pour Mary-Jane et ses devoirs de super-héros. Mais l'horizon s'obscurcit. La brutale mutation de son costume, qui devient noir, décuple ses pouvoirs et transforme également sa personnalité pour laisser ressortir l'aspect sombre et vengeur que Peter s'efforce de contrôler."
Le Bossu,13/01/1960,,105,André Hunebelle,,"Jean Marais,Sabine Sesselmann,Francois Chaumette",,"France,Italie",Français,Long-métrage,1959,-,"3,5",,66 Critiques Spectateurs,,
Rambo II : la mission,16/10/1985,,96,George Pan Cosmatos,"
1 nomination
","Sylvester Stallone,Richard Crenna,Charles Napier",Rambo : First Blood Part II,,Anglais,Long-métrage,1985,-,"2,9",,388 Critiques Spectateurs,,John Rambo purge une peine de prison lorsque le Colonel Trautman lui donne la possibilité de sortir pour une mission délicate : avoir la preuve qu'il reste bel et bien des prisonniers américains au Vietnam.
Guerre et paix,01/12/1956,Drame,208,King Vidor, Ciné Sorbonne ,"Audrey Hepburn,Henry Fonda,Mel Ferrer",War and Peace,"U.S.A.,Italie","Anglais, Italien, Russe",Long-métrage,1956,$ 6 000 000,"3,0","3,8",1 article de presse,5 nominations,
"Le Bon, la brute et le truand",08/03/1968,,180,Sergio Leone, Park Circus France ,"Clint Eastwood,Eli Wallach,Lee Van Cleef","Il Buono, il brutto, il cattivo","Espagne,Italie","Italien, Anglais",Long-métrage,1966,$ 1 200 000,"4,1","4,5",8 articles de presse,,"Pendant la Guerre de Sécession, trois hommes, préférant s'intéresser à leur profit personnel, se lancent à la recherche d'un coffre contenant 200 000 dollars en pièces d'or volés à l'armée sudiste. Tuco sait que le trésor se trouve dans un cimetière, tandis que Joe connaît le nom inscrit sur la pierre tombale qui sert de cache. Chacun a besoin de l'autre. Mais un troisième homme entre dans la course : Setenza, une brute qui n'hésite pas à massacrer femmes et enfants pour parvenir à ses fins."
Crocodile Dundee,04/02/1987,Aventure,95,Peter Faiman,"
1 prix et 5 nominations
","Paul Hogan,Linda Kozlowski,Mark Blum",,"U.S.A.,Australie",Anglais,Long-métrage,1986,-,"3,1",,149 Critiques Spectateurs,1 prix et 5 nominations,"Crocodile Dundee alias Michael J. est un aventurier qui hante les vastes étendues du Bush australien : repas de lézards, larves et fourmis, rencontres inopinées avec des serpents et crocodiles... Elevé par une tribu d'aborigènes, il ""zone"" dans ces terrifiantes contrées comme un poisson dans l'eau. Sue Charlton, ambitieuse journaliste américaine, découvre l'homme sauvage et veut à tout prix faire un scoop. Elle finit par le rencontrer, l'emmène à New York, succombe à ses charmes et le suit pour le meilleur et pour le pire..."
L'Odyssée du Dr. Wassell,,,140,Cecil B. DeMille,"
1 nomination
","Gary Cooper,Laraine Day,Signe Hasso",The Story of Dr. Wassell,,Anglais,Long-métrage,1944,-,"3,1",,7 Critiques Spectateurs,,L'histoire vraie du Docteur Corydon M. Wassell durant la Seconde Guerre Mondiale. Il permit à une douzaine de marins blessés de ne pas périr durant le conflit.
Le Petit monde de Don Camillo,,,107,Julien Duvivier,"
2 nominations
"," Fernandel,Vera Talchi,Franco Interlenghi",,"Italie,France",Italien,Long-métrage,1952,-,"3,6",,70 Critiques Spectateurs,2 nominations,"Dans la petite ville italienne de Brescello, le curé Don Camillo et le maire communiste Peppone ne cessent de se disputer mais, au final, parviennent toujours par se reconcilier."
Les Ripoux,19/09/1984,,107,Claude Zidi,"
3 prix et 2 nominations
","Thierry Lhermitte,Philippe Noiret, Régine",,,Français,Long-métrage,1984,-,"3,4",,164 Critiques Spectateurs,3 prix et 2 nominations,"René, vieux flic adepte des arrangements ""à l'amiable"" avec les petits truands, se voit adjoindre comme coéquipier François, un jeunôt frais émoulu de l'école de police. Avec l'aide de son amie Simone, il entreprend de convertir le rigoureux novice à ses méthodes, et pour cela commence par le mettre en relation avec une jolie"
Taxi 3,29/01/2003,Comédie,90,Gérard Krawczyk, ARP Sélection ,"Frédéric Diefenthal,Samy Naceri,Marion Cotillard",,,Français,Long-métrage,2002,14 490 000 €,"2,8","1,5",8 articles de presse,,"Marseille, à l'approche de Noël. Daniel ne cesse de rajouter des gadgets à son taxi. Au point de faire passer son bolide avant sa compagne, Lilly, qui décide de retourner vivre chez ses parents. Petra, elle, reproche à Emilien d'avoir la tête ailleurs. Celui-ci enrage en effet de ne pas avoir encore arrêté le gang des pères Noël, qui multiplie les braquages depuis huit mois."
Terminator 2 : le Jugement Dernier,16/10/1991,Action,137,James Cameron, StudioCanal ,"Arnold Schwarzenegger,Linda Hamilton,Edward Furlong",Terminator 2: Judgement Day,,"Anglais, Espagnol",Long-métrage,1991,94 000 000 $,"3,8","4,3",5 articles de presse,6 prix et 4 nominations,"En 1997, les survivants de l'apocalypse nucléaire poursuivent une guerre sans merci contre les robots et machines qu'ils ont eux-même créés. Pour en finir avec John Connor qui dirige la résistance des hommes, deux ""cyborgs"" sont envoyés dans le passé. Leur mission : abattre Connor enfant. Le premier modèle de la série ""Terminator"" a échoué en 1984. Le second, modèle plus performant en liquide métamorphosable, se lance à la poursuite de l'enfant et de sa mère, Sarah, dans les années quatre-vingt-dix. De leur côté, les hommes du futur ont envoyé dans le passé un Terminator chargé de protéger le jeune Connor. Le duel des robots va prendre alors des allures titanesques. Et, tandis que l'enfant enseignera à ce Terminator des rudiments d'humanité, sa mère tentera par tous les moyens d'empêcher la création des premières machines intelligentes. Avec l'aide du Terminator qu'ils ont éduqué, ils combattront pour influencer le futur..."
Midnight Express,01/09/1978,,120,Alan Parker, Columbia Films ,"Brad Davis,Irene Miracle,Bo Hopkins",,,"Anglais, Turc",Long-métrage,1978,2 300 000 $,"2,0","4,3",5 articles de presse,9 prix et 14 nominations,"Billy Hayes, touriste en Turquie, est arrêté à la frontière avec deux kilogrammes de drogue sur lui. Condamné à quelques jours de prison, le jeune homme découvre que sa peine a été muée en prison à perpétuité par le gouvernement souhaitant faire de son cas un exemple. Désemparé, Billy multiplie les procès et parcourt les prisons les plus sordides."
Harry Potter et le Prince de sang mêlé,15/07/2009,Aventure,152,David Yates, Warner Bros. France ,"Daniel Radcliffe,Rupert Grint,Emma Watson",Harry Potter and the Half-Blood Prince,"U.S.A.,Grande-Bretagne",Anglais,Long-métrage,2009,250 000 000 $,"3,6","3,7",18 articles de presse,4 nominations,"L'étau démoniaque de Voldemort se resserre sur l'univers des Moldus et le monde de la sorcellerie. Poudlard a cessé d'être un havre de paix, le danger rode au coeur du château... Mais Dumbledore est plus décidé que jamais à préparer Harry à son combat final, désormais imminent. Ensemble, le vieux maître et le jeune sorcier vont tenter de percer à jour les défenses de Voldemort. Pour les aider dans cette délicate entreprise, Dumbledore va relancer et manipuler son ancien collègue, le Professeur Horace Slughorn, qu'il croit en possession d'informations vitales sur le jeune Voldemort. Mais un autre ""mal"" hante cette année les étudiants : le démon de l'adolescence ! Harry est de plus en plus attiré par Ginny, qui ne laisse pas indifférent son rival, Dean Thomas ; Lavande Brown a jeté son dévolu sur Ron, mais oublié le pouvoir ""magique"" des chocolats de Romilda Vane ; Hermione, rongée par la jalousie, a décidé de cacher ses sentiments, vaille que vaille. L'amour est dans tous les coeurs - sauf un. Car un étudiant reste étrangement sourd à son appel. Dans l'ombre, il poursuit avec acharnement un but aussi mystérieux qu'inquiétant... jusqu'à l'inévitable tragédie qui bouleversera à jamais Poudlard..."
Sixième Sens,05/01/2000,Drame,107,M. Night Shyamalan, Gaumont Buena Vista International (GBVI) ,"Bruce Willis,Haley Joel Osment,Toni Collette",The Sixth Sense,,Anglais,Long-métrage,1999,55 000 000 $,"4,0","4,3",26 articles de presse,12 nominations,"Cole Sear, garconnet de huit ans est hanté par un terrible secret. Son imaginaire est visité par des esprits menaçants. Trop jeune pour comprendre le pourquoi de ces apparitions et traumatisé par ces pouvoirs paranormaux, Cole s'enferme dans une peur maladive et ne veut reveler à personne la cause de son enfermement, à l'exception d'un psychologue pour enfants. La recherche d'une explication rationnelle guidera l'enfant et le thérapeute vers une vérité foudroyante et inexplicable."
Le Gendarme de Saint-Tropez,09/09/1964,,95,Jean Girault, Unzéro Films ,"Louis de Funès,Geneviève Grad,Michel Galabru",,"Italie,France",Français,Long-métrage,1964,-,"3,4",,226 Critiques Spectateurs,,
Mourir d'aimer,20/01/1971,,100,André Cayatte, L.C.J. Editions et Productions ,"Annie Girardot,Bruno Pradal,Claude Cerval",,"Italie,France",Français,Long-métrage,1970,-,"3,7",,37 Critiques Spectateurs,,"Danièle Guénot, 32 ans, divorcée, deux enfants, est professeure de lettres à Rouen. Lors des événements de mai 68, elle organise chez elle des réunions de discussion et de remise en cause de la société. Un de ses élèves, Gérard Leguen, âgé de 17 ans, tombe amoureux d’elle et le lui dit. Elle le repousse d’abord mais finit par céder à cet amour qu’elle partage. Les parents de Gérard, avertis, crient au scandale et déposent plainte. Danièle est condamnée pour détournement de mineur."
Les Dieux sont tombés sur la tête,19/01/1983,,100,Jamie Uys,"
1 nomination
","Marius Weyers,Sandra Prinsloo, N'Xau",The Gods must be crazy,,"Anglais, Afrikaans",Long-métrage,1981,-,"3,4",,88 Critiques Spectateurs,,"Une bouteile de coca-cola, jetee d'un avion, atterrit en plein milieu d'un village bushmen. Ce don des dieux seme la discorde dans la tribu qui n'a de cesse de s'en debarrasser. Un des films les plus charmants et les plus frais du cinema contemporain."
Ratatouille,01/08/2007,"Comédie,Famille",110,Brad Bird, Buena Vista International ,"Guillaume Lebon,Patton Oswalt,Jean-Pierre Marielle",,,Anglais,Long-métrage,2007,150 000 000 $,"4,5","4,3",2423 Critiques Spectateurs,17 prix et 10 nominations,"Rémy est un jeune rat qui rêve de devenir un grand chef français. Ni l'opposition de sa famille, ni le fait d'être un rongeur dans une profession qui les déteste ne le démotivent. Rémy est prêt à tout pour vivre sa passion de la cuisine... et le fait d'habiter dans les égouts du restaurant ultra coté de la star des fourneaux, Auguste Gusteau, va lui en donner l'occasion ! Malgré le danger et les pièges, la tentation est grande de s'aventurer dans cet univers interdit."
Oscar,11/10/1967,,84,Edouard Molinaro, Gaumont Distribution ,"Louis de Funès,Claude Rich,Mario David",,,Français,Long-métrage,1967,-,"3,8",,224 Critiques Spectateurs,,"Bertrand, un riche promoteur, mène une vie paisible. Jusqu'au jour où son homme de confiance, Christian, le fait chanter pour doubler son salaire et obtenir la main de sa fille, dont il est l'amant. Il lui avoue également qu'il le vole depuis de nombreuses années. Les choses se compliquent encore quand la maîtresse de Christian se révèle finalement ne pas être Colette, la fille de Bertrand, mais qu'en revanche, Colette s'avère être enceinte d'Oscar, le chauffeur."
Qui veut la peau de Roger Rabbit ?,18/10/1988,Animation,103,Robert Zemeckis, Warner Bros. France ,"Bob Hoskins,Luq Hamett,Charles Fleischer",Who Framed Roger Rabbit,,Anglais,Long-métrage,1988,70 000 000 $,"4,1",,437 Critiques Spectateurs,4 prix et 10 nominations,"Roger Rabbit est au trente-sixième dessous. Autrefois sacré star du cinéma d'animation, le lapin blanc est fortement préoccupé pendant les tournages depuis qu'il soupçonne sa femme, la sublime Jessica Rabbit, de le tromper. Le studio qui emploie Roger décide d'engager un privé, Eddie Valliant, pour découvrir ce qui se cache derrière cette histoire bien plus complexe qu'il n'y parait !"
Pour qui sonne le glas,20/06/1947,Guerre,170,Sam Wood,"
3 prix et 8 nominations
","Gary Cooper,Ingrid Bergman,Akim Tamiroff",For Whom the Bell Tolls,,Anglais,Long-métrage,1943,-,"3,5",,37 Critiques Spectateurs,3 prix et 8 nominations,"Robert, americain, est venu combattre pour la Republique espagnole. Il est charge de faire sauter un pont que gardent les fascistes. Il est conduit dans les montagnes a un petit groupe de republicains qui l'aidera. Le chef Pablo est peu combatif et c'est sa femme Pilar qui prend le commandement. Robert rencontre une jeune fille recueillie par Pilar, Maria. Entre Maria et Robert vont se derouler de breves et lumineuses amours. ""Une fidele transposition du livre que nous croyons sans exemple dans les annales du cinema."""
Les Visiteurs 2 : Les couloirs du temps,11/02/1998,Science fiction,118,Jean-Marie Poiré,,"Jean Reno,Christian Clavier,Muriel Robin",,,Français,Long-métrage,1998,23 030 000 €,"2,3",,462 Critiques Spectateurs,,"Godefroy de Montmirail est reparti au Moyen Age pour épouser la douce Frénégonde. Mais une malencontreuse erreur s’est produite : au lieu de son valet Jacquouille, c’est son descendant, Jacquart, qui a suivi Godefroy. Jacquouille, lui, est resté au XXème siècle. Godefroy, qui le soupçonne d’avoir volé des bijoux à son futur beau-père, décide alors de repartir le chercher..."
Rien à déclarer,26/01/2011,,108,Dany Boon, Pathé ,"Benoît Poelvoorde,Dany Boon,Julie Bernard",,"France,Belgique","Français, Flamand",Long-métrage,2010,-,"2,2","2,4",25 articles de presse,3 prix et 5 nominations,"1er janvier 1993 : passage à l’Europe. Deux douaniers, l’un belge, l’autre français, apprennent la disparition prochaine de leur poste frontière situé dans la commune de Courquain France et Koorkin Belgique."
Les Choristes,17/03/2004,Musical,97,Christophe Barratier, Pathé ,"Gérard Jugnot,François Berléand,Jacques Perrin",,"France,Suisse,Allemagne",Français,Long-métrage,2003,5 500 000 €,"3,6","3,7",12 articles de presse,3 prix et 14 nominations,"En 1948, Clément Mathieu, professeur de musique sans emploi accepte un poste de surveillant dans un internat de rééducation pour mineurs ; le système répressif appliqué par le directeur, Rachin, bouleverse Mathieu. En initiant ces enfants difficiles à la musique et au chant choral, Mathieu parviendra à transformer leur quotidien."
Le Bataillon du ciel,,,200,Alexander Esway,,"Raymond Bussières,Howard Vernon,Pierre Blanchar",,,-,Long-métrage,1945,-,"2,5",,3 Critiques Spectateurs,,Film en deux epoques. 1re epoque: Ce ne sont pas des anges. Chronique d'un camp d'entrainement de parachutistes de la France libre pendant la Seconde Guerre mondiale. 2e epoque: Terre de France. Un groupe de parachutistes debarque en Bretagne sabote les installations allemandes.
West Side Story,01/03/1962,Comédie dramatique,153,Robert Wise, Park Circus France ,"Natalie Wood,Richard Beymer,George Chakiris",,,Anglais,Long-métrage,1961,6 000 000 $,"4,5","4,0",6 articles de presse,10 prix et 4 nominations,"Dans le West Side, bas quartier de New York, deux bandes de jeunes s'affrontent, les Sharks de Bernardo et les Jets de Riff. Un ex des Jets, Tony, s'éprend de Maria, la soeur de Bernardo."
Les Aventures de Bernard et Bianca,30/11/1977,"Aventure,Famille",76,Art Stevens,"
2 nominations
","Bob Newhart,Eva Gabor,Geraldine Page",The Rescuers,,Anglais,Long-métrage,1977,-,"3,7",,22 Photos,2 nominations,"Dans les sous-sols des Nations-Unis à New York un groupe de souris tient conseil. Il s'agit du comité de soutien aux personnes en difficulté. Bianca, déléguée coquette, choisit Bernard tendre souriceau timide et courageux pour voler au secours d'une petite orpheline séquestrée, Penny."
Le Fabuleux destin d'Amélie Poulain,25/04/2001,"Romance,Fantastique",120,Jean-Pierre Jeunet, UFD ,"Audrey Tautou,Mathieu Kassovitz, Rufus",,,Français,Long-métrage,2001,11 710 000 €,"4,4","3,9",23 articles de presse,9 prix et 21 nominations,"Amélie, une jeune serveuse dans un bar de Montmartre, passe son temps à observer les gens et à laisser son imagination divaguer. Elle s'est fixé un but : faire le bien de ceux qui l'entourent. Elle invente alors des stratagèmes pour intervenir incognito dans leur existence."
Le Dictateur,04/04/1945,,125,Charles Chaplin, Théâtre du Temple ,"Charles Chaplin,Jack Oakie,Paulette Goddard",The Great Dictator,,Anglais,Long-métrage,1940,2 000 000 $,"5,0","4,5",15 articles de presse,6 nominations,"À son retour de la guerre de 1914-1918, un petit barbier juif a perdu la mémoire. Après des années d’hôpital, il retrouve sa boutique dans le ghetto. Mais il découvre un monde en proie à la folie. Un dictateur hystérique, Adenoïd Hynkel, son parfait sosie, sème la terreur dans le pays. Avec l’aide de sa compagne Hannah, le barbier résiste aux SS qui menacent la petite communauté. Il se retrouve acteur malgré lui de cette tragique mascarade…"
L'Âge de glace 3 - Le Temps des dinosaures,03/07/2009,"Aventure,Comédie",94,Carlos Saldanha, Twentieth Century Fox France ,"Gérard Lanvin,Ray Romano,Elie Semoun",Ice Age: Dawn of the Dinosaurs 3D,,Anglais,Long-métrage,2009,US$ 90 000 000,"3,6","3,8",1356 Critiques Spectateurs,2 nominations,"Les héros de L'Age de glace sont de retour pour une nouvelle aventure hilarante, où une maladresse de Sid le paresseux va les propulser au coeur d'un monde étrange perdu sous la glace, et peuplé de dinosaures !"
Star Wars : Episode III - La Revanche des Sith,18/05/2005,"Action,Aventure",140,George Lucas, 20th Century Studios ,"Hayden Christensen,Ewan McGregor,Natalie Portman",Star Wars: Episode III - Revenge of the Sith,,Anglais,Long-métrage,2005,115 000 000 $,"3,9","4,2",23 articles de presse,5 prix et 13 nominations,"La Guerre des Clones fait rage. Une franche hostilité oppose désormais le Chancelier Palpatine au Conseil Jedi. Anakin Skywalker, jeune Chevalier Jedi pris entre deux feux, hésite sur la conduite à tenir. Séduit par la promesse d'un pouvoir sans précédent, tenté par le côté obscur de la Force, il prête allégeance au maléfique Darth Sidious et devient Dark Vador."
Le Seigneur des anneaux : le retour du roi,17/12/2003,Aventure,201,Peter Jackson, Warner Bros. France ,"Sean Astin,Elijah Wood,Viggo Mortensen",The Lord of the Rings: The Return of the King,"U.S.A.,Nouvelle-Zélande",Anglais,Long-métrage,2003,94 000 000 $,"3,8","4,5",18 articles de presse,22 prix et 9 nominations,"Les armées de Sauron ont attaqué Minas Tirith, la capitale de Gondor. Jamais ce royaume autrefois puissant n'a eu autant besoin de son roi. Mais Aragorn trouvera-t-il en lui la volonté d'accomplir sa destinée ?"
Danse avec les loups,20/02/1991,,234,Kevin Costner, AMLF ,"Kevin Costner,Mary McDonnell,Rodney A. Grant",Dances with Wolves,,Anglais,Long-métrage,1990,19 000 000 $,"5,0","4,3",5 articles de presse,10 prix et 18 nominations,Le jeune lieutenant John Dunbar est envoyé à un poste de reconnaissance dans les immenses plaines du Dakota pendant la guerre de Sécession. Il rencontre au cours de l'une de ses missions de reconnaissance le peuple sioux.
Les Aventures de Rabbi Jacob,18/10/1973,,97,Gérard Oury, Carlotta Films ,"Louis de Funès,Claude Giraud,Suzy Delair",,"France,Italie","Français, Anglais, Hebreu, Yiddish, Arabe",Long-métrage,1973,-,"4,0",,430 Critiques Spectateurs,2 nominations,"Victor Pivert, homme d’affaires irascible et foncièrement xénophobe, se rend à Paris pour le mariage de sa fille. Victime d’un accident de la route sans gravité, il entre dans une usine de chewing-gum pour trouver du secours. Là, il croise le chemin de dangereux terroristes qui s’apprêtent à éliminer un leader révolutionnaire nommé Slimane. Celui-ci parvient à s’échapper aux côtés de Victor Pivert. Les deux hommes gagnent l’aéroport d’Orly, bientôt suivis par leurs ravisseurs. Pour leur échapper, ils n’auront d’autre choix que de se déguiser en rabbins. Pivert est alors pris pour Rabbi Jacob, sommité new-yorkaise attendue en grande pompe par la communauté juive de la rue des Rosiers…"
Spider-Man,12/06/2002,Action,121,Sam Raimi, Columbia TriStar Films ,"Tobey Maguire,Willem Dafoe,Kirsten Dunst",,,Anglais,Long-métrage,2002,139 000 000 $,"4,2","4,0",25 articles de presse,4 nominations,"Orphelin, Peter Parker est élevé par sa tante May et son oncle Ben dans le quartier Queens de New York. Tout en poursuivant ses études à l'université, il trouve un emploi de photographe au journal"
Les Aventuriers de l'Arche perdue,16/09/1981,Action,116,Steven Spielberg, CIC ,"Harrison Ford,Karen Allen,Paul Freeman",Raiders of the Lost Ark,,Anglais,Long-métrage,1981,22 000 000 $,"4,6","4,4",5 articles de presse,5 prix et 12 nominations,"1936. Parti à la recherche d'une idole sacrée en pleine jungle péruvienne, l'aventurier Indiana Jones échappe de justesse à une embuscade tendue par son plus coriace adversaire : le Français René Belloq."
Arthur et les Minimoys,29/11/2006,"Aventure,Fantastique,Famille",94,Luc Besson, EuropaCorp Distribution ,"Freddie Highmore,Mia Farrow,Mylène Farmer",,,Anglais,Long-métrage,2006,65 200 000 €,"3,3","3,0",25 articles de presse,2 prix et 3 nominations,"Comme tous les enfants de son âge, Arthur est fasciné par les histoires que lui raconte sa grand-mère pour l'endormir : ses rêves sont peuplés de tribus africaines et d'inventions incroyables, tirées d'un vieux grimoire, souvenir de son grand-père mystérieusement disparu depuis quatre ans."
Tant qu'il y aura des hommes,25/03/1954,Romance,118,Fred Zinnemann, Park Circus France ,"Burt Lancaster,Montgomery Clift,Deborah Kerr",From Here to Eternity,,Anglais,Long-métrage,1953,-,"3,3","3,9",4 articles de presse,10 prix et 5 nominations,
Les Minions,08/07/2015,Famille,91,Pierre Coffin, Universal Pictures International France ,"Marion Cotillard,Sandra Bullock,Guillaume Canet",The Minions,,Anglais,Long-métrage,2015,-,"3,7","3,3",641 Critiques Spectateurs,3 nominations,"A l'origine de simples organismes monocellulaires de couleur jaune, les Minions ont évolué au cours des âges au service de maîtres plus abjectes les uns que les autres. Les disparitions répétitives de ceux-ci, des tyrannosaures à Napoléon, ont plongé les Minions dans une profonde dépression. Mais l'un d'eux, prénommé Kevin, a une idée. Flanqué de Stuart, l'adolescent rebelle et de l'adorable petit Bob, Kevin part à la recherche d'un nouveau patron malfaisant pour guider les siens. Nos trois Minions se lancent dans un palpitant voyage qui va les conduire à leur nouveau maître : Scarlet Overkill, la première superméchante de l'histoire. De l'Antarctique au New York des années 60, nos trois compères arrivent finalement à Londres, où ils vont devoir faire face à la plus terrible menace de leur existence : l'annihilation de leur espèce."
Un Indien dans la ville,14/12/1994,,90,Hervé Palud, Agence Méditerranéenne de Location de Films (A.M.L.F.) ,"Thierry Lhermitte,Patrick Timsit,Arielle Dombasle",,,Français,Long-métrage,1994,"5,33 000 000 €","2,9",,229 Critiques Spectateurs,,"Sur le point d'épouser la belle Charlotte, Stéphane Marchado part à la recherche de sa première femme, partie depuis treize ans dans une tribu d'Amazonie pour régulariser son divorce."
Tarzan,24/11/1999,"Aventure,Drame,Famille",88,Kevin Lima,"
# prix
","Tony Goldwyn,Minnie Driver,Rosie O'Donnell",,"U.S.A.,France",Anglais,Long-métrage,1999,150 000 000 $,"3,7","4,0",193 Critiques Spectateurs,# prix,
Sissi impératrice,01/08/1957,Historique,107,Ernst Marischka,,"Romy Schneider,Karlheinz Böhm,Magda Schneider",Sissi die junge Kaiserin,,"Allemand, Hongrois",Long-métrage,1956,-,"3,3",,36 Critiques Spectateurs,,"Sissi est maintenant l'impératrice d'Autriche-Hongrie après son mariage avec l'empereur François-Jospeh. Toutefois, le pesant protocole et la sévérité de l'archiduchesse Sophie contraignent fortement sa nature spontanée. Quand la jeune femme met au monde une petite fille, sa joie est de courte durée puisque Sophie décide de lui en retirer la garde. Désabusée, Sissi se réfugie en Bavière chez ses parents."
La Symphonie Pastorale,,,95,Jean Delannoy,"
3 prix et 8 nominations
","Michèle Morgan,Pierre Blanchar,Jean Desailly",,,Français,Long-métrage,1946,-,"3,3",,13 Critiques Spectateurs,3 prix et 8 nominations,"Le pasteur Jean Martin a recueilli Gertrude, fillette aveugle. Une fois devenue une ravissante jeune fille, elle est operee et recouvre la vue. Partagee entre sa reconnaissance pour le pasteur et l'amour qu'elle eprouve pour son fils, elle s'enfuit et meurt dans la neige."
Rain Man,15/03/1989,,133,Barry Levinson, United International Pictures (UIP) ,"Dustin Hoffman,Tom Cruise,Valeria Golino",,,Anglais,Long-métrage,1988,25 000 000 $,"3,6","4,3",5 articles de presse,7 prix et 14 nominations,"A la mort de son père, Charlie Babbitt, homme d'affaires pressé, hérite d'une vieille Buick qu'il convoitait depuis longtemps mais se voit spolié de quelque trois millions de francs versés à l'Institution psychiatrique Wallbrook au profit d'un bénéficiaire anonyme. Charlie se rend a Wallbrook et découvre l'heureux bénéficiaire. Il s'agit de Raymond, savant autiste, celui qu'il appelait dans son enfance"
Robin des Bois,30/10/1974,"Aventure,Comédie",83,Wolfgang Reitherman, Buena Vista Pictures ,"Dominique Paturel,Brian Bedford,Philippe Dumat",Robin Hood,,Anglais,Long-métrage,1973,15 000 000 $,"4,0",,21 Photos,,"Le prince Jean est un affreux souverain qui maltraite ses sujets. Un seul le défie ouvertement et lui résiste. Caché dans la forêt de Sherwood, se trouve le vaillant et insaisissable Robin des Bois."
Star Wars : Episode IV - Un nouvel espoir (La Guerre des étoiles),19/10/1977,Aventure,121,George Lucas,"
8 prix et 12 nominations
","Mark Hamill,Harrison Ford,Carrie Fisher",Star Wars: Episode IV - A New Hope,,Anglais,Long-métrage,1977,11 500 000 $,"4,8","4,4",6 articles de presse,8 prix et 12 nominations,"Il y a bien longtemps, dans une galaxie très lointaine... La guerre civile fait rage entre l'Empire galactique et l'Alliance rebelle. Capturée par les troupes de choc de l'Empereur menées par le sombre et impitoyable Dark Vador, la princesse Leia Organa dissimule les plans de l'Etoile Noire, une station spatiale invulnérable, à son droïde R2-D2 avec pour mission de les remettre au Jedi Obi-Wan Kenobi. Accompagné de son fidèle compagnon, le droïde de protocole C-3PO, R2-D2 s'échoue sur la planète Tatooine et termine sa quête chez le jeune Luke Skywalker. Rêvant de devenir pilote mais confiné aux travaux de la ferme, ce dernier se lance à la recherche de ce mystérieux Obi-Wan Kenobi, devenu ermite au coeur des montagnes désertiques de Tatooine..."
Harry Potter et les reliques de la mort - partie 2,13/07/2011,Aventure,130,David Yates, Warner Bros. France ,"Daniel Radcliffe,Rupert Grint,Emma Watson",Harry Potter and the Deathly Hallows - Part 2,"U.S.A.,Grande-Bretagne",Anglais,Long-métrage,2011,125 000 000 $,"3,8","4,2",19 articles de presse,5 prix et 14 nominations,"Dans la 2e Partie de cet épisode final, le combat entre les puissances du bien et du mal de l’univers des sorciers se transforme en guerre sans merci. Les enjeux n’ont jamais été si considérables et personne n’est en sécurité. Mais c’est Harry Potter qui peut être appelé pour l’ultime sacrifice alors que se rapproche l’ultime épreuve de force avec Voldemort."
Pirates des Caraïbes : le Secret du Coffre Maudit,02/08/2006,"Action,Fantastique",151,Gore Verbinski, Buena Vista International ,"Johnny Depp,Orlando Bloom,Keira Knightley",Pirates of the Caribbean: Dead Man's Chest,,"Anglais, Turc, Grec, Mandarin, Français",Long-métrage,2006,"$225,000,000","3,5","3,9",22 articles de presse,9 prix et 19 nominations,"Dans ce nouvel opus de l'aventure Pirates des Caraïbes, le toujours aussi excentrique pirate Jack Sparrow est confronté subitement à son passé. Treize ans auparavant, Jack signait un pacte avec Davey Jones, le maître des sept mers, dont l'esprit maléfique n'a d'égal que son apparence tentaculaire. En échange de son âme, ce dernier lui promettait le commandement du mythique Black Pearl..."
La Cuisine au beurre,20/12/1963,,82,Gilles Grangier,," Fernandel, Bourvil,Claire Maurier",,,Français,Long-métrage,1963,-,"3,5",,76 Critiques Spectateurs,,"En revenant à Martigues, Fernand Jouvin, qui sort de plusieurs années de captivité, ne s'attendait pas à découvrir sa femme Christiane remariée. Cette dernière, le croyant mort, a refait sa vie avec André, un Normand travailleur, qui a transformé le restaurant de Fernand en une table renommée. Mais le Marseillais ne compte pas laisser cette situation continuer..."
Taxi,08/04/1998,"Comédie,Policier",86,Gérard Pirès, ARP Sélection ,"Samy Naceri,Frédéric Diefenthal,Marion Cotillard",,,Français,Long-métrage,1998,8 120 000 €,"2,4",,719 Critiques Spectateurs,2 prix et 5 nominations,"Daniel est un fou du volant. Cet ex-livreur de pizzas est aujourd'hui chauffeur de taxi et sait échapper aux radars les plus perfectionnés. Pourtant, un jour, il croise la route d'Emilien, policier recalé pour la huitième fois à son permis de conduire. Pour conserver son taxi, il accepte le marché que lui propose Emilien : l'aider à démanteler un gang de braqueurs de banques qui écume les succursales de la ville à bord de puissants véhicules. Road-movie urbain sur un scénario de Luc Besson, également producteur."
