titre,date,durée,réalisateur,distributeur,acteurs,titre_original,nationalités,langue_d_origine,type_film,annee_production,budget,box_office_total,note_presse,note_spectateurs,nombre_article,recompenses,description
Love Life,14/06/2023,124,Kôji Fukada, Art House ,"Fumino Kimura,Tomorowo Taguchi,Tetta Shimada",,Japon,"Japonais, Coréen, Langue des signes",Long-métrage,2022,-,87 185 entrées,"3,7","3,8",25 articles de presse,4 nominations,"Taeko vit avec son époux Jiro et son fils Keita en face de chez ses beaux-parents. Tandis qu'elle découvre l’existence d'une ancienne fiancée de son mari, le père biologique de Keita refait surface. C'est le début d'un cruel jeu de chaises musicales, dont personne ne sortira indemne."
Les Trois Mousquetaires: D'Artagnan,05/04/2023,121,Martin Bourboulon, Pathé ,"François Civil,Vincent Cassel,Romain Duris",,France,Français,Long-métrage,2023,60 M€,3 337 102 entrées,"3,7","4,0",37 articles de presse,,"Du Louvre au Palais de Buckingham, des bas-fonds de Paris au siège de La Rochelle… dans un Royaume divisé par les guerres de religion et menacé d’invasion par l’Angleterre, une poignée d’hommes et de femmes vont croiser leurs épées et lier leur destin à celui de la France."
Bird Box Barcelona,14/07/2023,110,David Pastor,-,"Mario Casas,Georgina Campbell,Diego Calva",,U.S.A.,Espagnol,Long-métrage,2023,-,,"2,3",,50 Critiques Spectateurs,,"Les producteurs du phénomène mondial ""Bird Box"" présentent ""Bird Box Barcelona"", qui vient enrichir l'univers ayant captivé le public en 2018. Après qu'une force mystérieuse a décimé la population mondiale, Sebastian doit tenter de survivre dans les rues désertes de Barcelone. Tandis qu'il forme une alliance de fortune avec d'autres survivants pour fuir la ville, une menace plus sombre encore se profile."
Les Damnés ne pleurent pas,26/07/2023,111,Fyzal Boulifa, New Story ,"Aïcha Tebbae,Abdellah El Hajjouji,Antoine Reinartz",,France,"Français, Arabe",Long-métrage,2022,-,779 entrées,"3,1","3,5",8 articles de presse,,"Fatima-Zahra traîne son fils de 17 ans, Selim, de ville en ville, fuyant les scandales qui éclatent sur sa route. Quand Selim découvre la vérité sur leur passé, Fatima-Zahra lui promet un nouveau départ. Ils arrivent alors à Tanger, où de nouvelles rencontres leur donnent l’espoir d’atteindre la légitimité qu’ils recherchent tant. Mais ces aspirations menacent la relation fusionnelle qui les lie depuis toujours."
Nymph()maniac - Director's cut,06/01/2015,327,Lars von Trier, Les Films du Losange ,"Charlotte Gainsbourg,Stellan Skarsgård,Stacy Martin",,Danemark,Anglais,Long-métrage,2013,-,,"4,0",,7 Critiques Spectateurs,,Version longue et director's cut de Nymphomaniac volume I et II.
Paula,19/07/2023,98,Angela Ottobah, Arizona Distribution ,"Finnegan Oldfield,Aline Helan-Boudon, Océan",,France,Français,Long-métrage,2021,-,1 273 entrées,"3,1","2,7",13 articles de presse,,"Paula a 11 ans. L’école l'ennuie et elle n'a qu'un seul ami, Achille. Son père lui fait une surprise : ils vont passer l’été dans la maison de ses rêves au bord d’un lac. Mais le temps file, l'automne approche et ils ne rentrent toujours pas."
Blanquita,26/07/2023,94,Fernando Guzzoni, ASC Distribution ,"Laura Lopez Campbell,Alejandro Goic,Amparo Noguera",,Chili,Espagnol,Long-métrage,2022,-,209 entrées,"3,0","3,2",5 articles de presse,2 nominations,"Blanca (18 ans) vit à Santiago dans un foyer pour mineurs dirigé par le prêtre Manuel Cura (50 ans). Témoin clé d’une affaire de scandale sexuel impliquant des politiciens chiliens, Blanca se retrouve poussée par Manuel au centre de l’attention médiatique. Elle devient une héroïne féministe pour certains, mais plus l’enquête avance, moins le rôle de Blanca semble clair…"
Un hiver en été,26/07/2023,110,Laetitia Masson, Jour2fête ,"Benjamin Biolay,Élodie Bouchez,Judith Chemla",,France,Français,Long-métrage,2022,-,649 entrées,"1,8","1,7",12 articles de presse,,"Dix personnages surpris par un froid glacial en plein été. Des rencontres, de la solitude, de l’espoir, de la peur, de l’amour, une chanson, la lutte des classes, et des rêves. Dix fragments d’humanité qui forment un tableau impressionniste de la France, aujourd’hui. Un hommage aux Nymphéas."
Le Challenge,21/06/2023,103,Gene Stupnitsky, Sony Pictures Releasing France ,"Jennifer Lawrence,Andrew Barth Feldman,Laura Benanti",No Hard Feelings,U.S.A.,Anglais,Long-métrage,2023,-,117 752 entrées,"3,0","3,1",5 articles de presse,,"Maddie est sur le point de perdre sa maison d’enfance et elle pense avoir trouvé la solution à ses problèmes financiers lorsqu’elle tombe sur une offre d’emploi intrigante : parents fortunés cherchent quelqu’un pour emmener Percy, leur fils introverti de 19 ans, dans une série de « dates » afin de le décoincer avant qu’il ne parte pour l’université. A la grande surprise de Maddie, Percy rend ce challenge plus compliqué que prévu et le temps est compté. Elle a un été pour relever ce challenge ou se retrouver sans toit."
Fast & Furious X,17/05/2023,141,Louis Leterrier, Universal Pictures International France ,"Vin Diesel,Michelle Rodriguez,Jason Momoa",Fast X,U.S.A.,Anglais,Long-métrage,2023,-,2 298 366 entrées,"2,9","3,1",15 articles de presse,,"Après bien des missions et contre toute attente, Dom Toretto et sa famille ont su déjouer, devancer, surpasser et distancer tous les adversaires qui ont croisé leur route. Ils sont aujourd’hui face à leur ennemi le plus terrifiant et le plus intime : émergeant des brumes du passé, ce revenant assoiffé de vengeance est bien déterminé à décimer la famille en réduisant à néant tout ce à quoi, et surtout à qui Dom ait jamais tenu."
John Wick : Chapitre 4,22/03/2023,170,Chad Stahelski, Metropolitan FilmExport ,"Keanu Reeves,Donnie Yen,Bill Skarsgård",John Wick: Chapter 4,U.S.A.,Anglais,Long-métrage,2023,-,1 054 468 entrées,"3,6","3,9",31 articles de presse,,"John Wick découvre un moyen de vaincre l’organisation criminelle connue sous le nom de la Grande Table. Mais avant de gagner sa liberté, Il doit affronter un nouvel ennemi qui a tissé de puissantes alliances à travers le monde et qui transforme les vieux amis de John en ennemis."
De nos jours...,19/07/2023,84,Hong Sang-Soo, Capricci Films ,"Ki Joo-bong,Kim Min-Hee,Song Seon-mi",Woo-Ri-UI-Ha-Ru,Corée du Sud,Coréen,Long-métrage,2023,-,4 021 entrées,"3,8","2,7",13 articles de presse,,"Deux conversations en alternance à Séoul : une ancienne actrice est sollicitée par une débutante tandis qu’un vieux poète reçoit un admirateur. Les deux vedettes esquivent les questions existentielles de leur interlocuteur, la première songe à sa récente reconversion et le second bataille avec son sevrage d’alcool et de tabac."
Sexygénaires,14/06/2023,80,Robin Sykes, Apollo Films / Orange Studio ,"Thierry Lhermitte,Patrick Timsit,Marie Bunel",,France,Français,Long-métrage,2023,-,128 228 entrées,"2,8","2,6",8 articles de presse,3 nominations,"À soixante ans passés, deux amis en proie à des difficultés financières vont tirer profit de leur image dans le milieu de la mode et de la publicité. L’un est encore beau, l’autre ne l’a jamais été. Mais au-delà du jeu des apparences, qu’est-ce vraiment que d’avoir l’âge de la retraite aujourd’hui ?"
Les Herbes sèches,12/07/2023,197,Nuri Bilge Ceylan, Memento Distribution ,"Deniz Celiloğlu,Merve Dizdar,Musab Ekici",Kuru Otlar Üstüne,Turquie,Turc,Long-métrage,2023,-,48 158 entrées,"4,0","4,0",29 articles de presse,1 prix et 5 nominations,
Spider-Man : Across The Spider-Verse,31/05/2023,141,Joaquim Dos Santos, Sony Pictures Releasing France ,"Stéphane Bak,Shameik Moore,Shirine Boutella",Spider-Man: Across The Spider-Verse,U.S.A.,Anglais,Long-métrage,2023,-,1 850 738 entrées,"4,1","4,5",591 Critiques Spectateurs,,"Après avoir retrouvé Gwen Stacy, Spider-Man, le sympathique héros originaire de Brooklyn, est catapulté à travers le Multivers, où il rencontre une équipe de Spider-Héros chargée d'en protéger l'existence. Mais lorsque les héros s'opposent sur la façon de gérer une nouvelle menace, Miles se retrouve confronté à eux et doit redéfinir ce que signifie être un héros afin de sauver les personnes qu'il aime le plus."
Asteroid City,21/06/2023,106,Wes Anderson, Universal Pictures International France ,"Jason Schwartzman,Scarlett Johansson,Tom Hanks",,U.S.A.,Anglais,Long-métrage,2023,-,318 488 entrées,"3,3","3,0",38 articles de presse,5 nominations,
"Super Mario Bros, le film",05/04/2023,92,Aaron Horvath, Universal Pictures International France ,"Pierre Tessier,Chris Pratt,Jérémie Covillault",The Super Mario Bros. Movie,U.S.A.,Anglais,Long-métrage,2023,-,7 178 203 entrées,"3,1","4,1",1028 Critiques Spectateurs,,"Alors qu’ils tentent de réparer une canalisation souterraine, Mario et son frère Luigi, tous deux plombiers, se retrouvent plongés dans un nouvel univers féerique à travers un mystérieux conduit. Mais lorsque les deux frères sont séparés, Mario s’engage dans une aventure trépidante pour retrouver Luigi."
Rendez-vous à Tokyo,26/07/2023,115,Daigo Matsui, Art House ,"Sosuke Ikematsu,Sairi Itô,Yumi Kawai",Just Remembering,Japon,Japonais,Long-métrage,2021,-,8 378 entrées,"3,3","3,4",18 articles de presse,,"Les 26 juillet se suivent et ne se ressemblent pas… C’est le jour où ils se sont rencontrés, celui où ils se sont aimés, où ils se sont séparés. Sept rendez-vous entre un danseur professionnel et une conductrice de taxi dans le Tokyo d’aujourd’hui."
SISU - De l'Or et du Sang,21/06/2023,91,Jalmari Helander, SND ,"Jorma Tommila,Aksel Hennie,Jack Doolan",Sisu,Finlande,Anglais,Long-métrage,2022,-,74 711 entrées,"2,7","3,3",15 articles de presse,,"Finlande, 1944. Dans la nature sauvage et hostile de la Laponie, alors occupée par les nazis, un ancien soldat découvre un gisement d’or."
La Main,26/07/2023,94,Danny Philippou, SND ,"Sophie Wilde,Joe Bird,Alexandra Jensen",Talk To Me,Australie,Anglais,Long-métrage,2023,-,34 727 entrées,"3,1","3,1",20 articles de presse,,"Lorsqu'un groupe d'amis découvre comment conjurer les esprits à l'aide d'une mystérieuse main hantée, ils deviennent accros à ce nouveau frisson, et l’expérience fait le tour des réseaux sociaux. Une seule règle à respecter : ils ne doivent pas tenir la main plus de 90 secondes. Lorsque l’un d’entre eux l’enfreint, ils vont être rattrapés par les esprits, les obligeant à choisir : à qui se fier, aux morts ou aux vivants ?"
Passages,28/06/2023,92,Ira Sachs, SBS Distribution ,"Franz Rogowski,Ben Whishaw,Adèle Exarchopoulos",,France,"Anglais, Français",Long-métrage,2023,-,17 554 entrées,"2,8","2,7",23 articles de presse,,L'histoire de deux hommes qui sont ensemble depuis quinze ans et ce qui se passe quand l'un d'eux a une liaison avec une femme.
Dernière nuit à Milan,07/06/2023,125,Andrea Di Stefano, Universal Pictures International France ,"Pierfrancesco Favino,Linda Caridi,Antonio Gerardi",L’Ultima Notte Di Amore,Italie,Italien,Long-métrage,2023,-,101 365 entrées,"3,5","4,0",18 articles de presse,,"Franco Amore porte bien son nom. Il dit de lui-même que, durant toute sa vie, il a toujours essayé d’être un honnête homme, un policier qui, en 35 ans d’une honorable carrière, n’a jamais tiré sur personne. Ce sont en effet les mots qu’il écrit pour le discours qu’il tiendra au lendemain de sa dernière nuit de service. Mais cette dernière nuit sera plus longue et plus éprouvante qu’il ne l’imagine et mettra en danger tout ce qui compte à ses yeux : son travail au service de l’Etat, son amour pour sa femme Viviana, son amitié avec son collègue Dino, jusqu’à sa propre vie. Et c’est durant cette même nuit, dans les rues d’un Milan qui ne semble jamais voir le jour, que tout va s’enchaîner à un rythme effréné."
Une nuit,05/07/2023,90,Alex Lutz, StudioCanal ,"Alex Lutz,Karin Viard,Jérôme Pouly",,France,Français,Long-métrage,2023,-,105 187 entrées,"3,2","3,4",21 articles de presse,1 prix et 8 nominations,
Insidious: The Red Door,05/07/2023,108,Patrick Wilson, Sony Pictures Releasing France ,"Patrick Wilson,Rose Byrne,Ty Simpkins",,U.S.A.,Anglais,Long-métrage,2023,-,537 774 entrées,"2,1","2,2",8 articles de presse,,"Afin de se débarrasser définitivement de leurs démons, Josh et son fils Dalton, à présent étudiant, doivent plonger encore plus profondément dans le Lointain pour affronter le sombre passé de leur famille et une multitude d'esprits toujours plus inquiétants qui se cache derrière la Porte Rouge."
Le Manoir hanté,26/07/2023,122,Justin Simien, The Walt Disney Company France ,"Rosario Dawson,Lakeith Stanfield,Tiffany Haddish",Haunted Mansion,U.S.A.,Anglais,Long-métrage,2023,-,41 431 entrées,"2,8","3,1",16 articles de presse,,"Inspiré de l’attraction mythique des parcs Disneyland, LE MANOIR HANTÉ raconte l’histoire d’une mère et son fils qui engagent une équipe de pseudo-experts pour les aider à chasser les différents spectres et fantômes qui hantent leur maison."
Élémentaire,21/06/2023,102,Peter Sohn, The Walt Disney Company France ,"Adèle Exarchopoulos,Leah Lewis,Vincent Lacoste",Elemental,U.S.A.,Anglais,Long-métrage,2023,-,1 942 096 entrées,"3,5","3,9",317 Critiques Spectateurs,,"Dans la ville d’Element City, le feu, l’eau, la terre et l’air vivent dans la plus parfaite harmonie. C’est ici que résident Flam, une jeune femme intrépide et vive d’esprit, au caractère bien trempé, et Flack, un garçon sentimental et amusant, plutôt suiveur dans l’âme. L’amitié qu’ils se portent remet en question les croyances de Flam sur le monde dans lequel ils vivent..."
Miraculous - le film,05/07/2023,99,Jeremy Zag, SND ,"Anouck Hautbois,Benjamin Bollen,Antoine Tomé",,France,Français,Long-métrage,2023,-,1 115 946 entrées,"2,7","2,7",399 Critiques Spectateurs,,"La super-héroïne, qui a conquis le cœur de millions de fans à travers le monde, débarque pour la première fois au cinéma ! Ladybug va devoir unir ses forces avec Chat Noir, le charismatique justicier masqué qui n’a pas sa langue dans sa poche, pour affronter le Papillon et sa horde de super-vilains, alors que ceux-ci menacent de détruire Paris. Mais, alors que les deux héros se rapprochent, Marinette ignore que derrière son mystérieux complice se cache Adrien, le camarade de classe dont elle est amoureuse…"
Mission: Impossible – Dead Reckoning Partie 1,12/07/2023,163,Christopher McQuarrie, Paramount Pictures France ,"Tom Cruise,Hayley Atwell,Ving Rhames",Mission: Impossible – Dead Reckoning Part One,U.S.A.,Anglais,Long-métrage,2023,-,1 340 794 entrées,"4,0","4,2",34 articles de presse,,"Dans Mission: Impossible - Dead Reckoning Partie 1, Ethan Hunt et son équipe de l’IMF se lancent dans leur mission la plus périlleuse à ce jour : traquer une effroyable nouvelle arme avant que celle-ci ne tombe entre de mauvaises mains et menace l’humanité entière."
Les Algues vertes,12/07/2023,107,Pierre Jolivet, Haut et Court ,"Céline Sallette,Nina Meurisse,Julie Ferrier",,France,Français,Long-métrage,2023,"3,7 M€",181 962 entrées,"3,5","4,0",23 articles de presse,,"À la suite de morts suspectes, Inès Léraud, jeune journaliste, décide de s’installer en Bretagne pour enquêter sur le phénomène des algues vertes. À travers ses rencontres, elle découvre la fabrique du silence qui entoure ce désastre écologique et social. Face aux pressions, parviendra-t-elle à faire triompher la vérité ?"
Fifi,14/06/2023,108,Jeanne Aslan, New Story ,"Céleste Brunnquell,Quentin Dolmaire,Ilan Schermann",,France,Français,Long-métrage,2023,-,42 856 entrées,"3,6","3,9",21 articles de presse,,"Nancy, début de l’été... et Sophie, dite Fifi, 15 ans, est coincée dans son HLM dans une ambiance familiale chaotique. Quand elle croise par hasard son ancienne amie Jade, sur le point de partir en vacances, Fifi prend en douce les clefs de sa jolie maison du centre-ville désertée pour l’été. Alors qu’elle s’installe, elle tombe sur Stéphane, 23 ans, le frère aîné de Jade, rentré de manière inattendue. Au lieu de la chasser, Stéphane lui laisse porte ouverte et l’autorise à venir se réfugier là quand elle veut..."
Indiana Jones et le Cadran de la Destinée,28/06/2023,154,James Mangold, The Walt Disney Company France ,"Harrison Ford,Phoebe Waller-Bridge,Mads Mikkelsen",Indiana Jones and the Dial of Destiny,U.S.A.,Anglais,Long-métrage,2023,-,2 327 361 entrées,"3,5","3,6",39 articles de presse,,
Barbie,19/07/2023,115,Greta Gerwig, Warner Bros. France ,"Margot Robbie,Ryan Gosling,America Ferrera",,U.S.A.,Anglais,Long-métrage,2023,-,1 257 645 entrées,"3,5","3,3",28 articles de presse,,"A Barbie Land, vous êtes un être parfait dans un monde parfait. Sauf si vous êtes en crise existentielle, ou si vous êtes Ken."
Oppenheimer,19/07/2023,181,Christopher Nolan, Universal Pictures International France ,"Cillian Murphy,Emily Blunt,Matt Damon",,U.S.A.,Anglais,Long-métrage,2023,-,842 867 entrées,"3,8","4,4",30 articles de presse,,"En 1942, convaincus que l’Allemagne nazie est en train de développer une arme nucléaire, les États-Unis initient, dans le plus grand secret, le ""Projet Manhattan"" destiné à mettre au point la première bombe atomique de l’histoire. Pour piloter ce dispositif, le gouvernement engage J. Robert Oppenheimer, brillant physicien, qui sera bientôt surnommé ""le père de la bombe atomique"". C’est dans le laboratoire ultra-secret de Los Alamos, au cœur du désert du Nouveau-Mexique, que le scientifique et son équipe mettent au point une arme révolutionnaire dont les conséquences, vertigineuses, continuent de peser sur le monde actuel…"
Vaincre ou mourir,25/01/2023,100,Vincent Mottez, Saje Distribution ,"Hugo Becker,Rod Paradot,Gilles Cohen",,France,Français,Long-métrage,2022,-,287 578 entrées,"1,3","3,8",10 articles de presse,,"1793. Voilà trois ans que Charette, ancien officier de la Marine Royale, s’est retiré́ chez lui en Vendée. Dans le pays, la colère des paysans gronde : ils font appel au jeune retraité pour prendre le commandement de la rébellion. En quelques mois, le marin désœuvré devient un chef charismatique et un fin stratège, entraînant à sa suite paysans, déserteurs, femmes, vieillards et enfants, dont il fait une armée redoutable car insaisissable. Le combat pour la liberté ne fait que commencer..."
Moka,17/08/2016,90,Frédéric Mermoud, Pyramide Distribution ,"Emmanuelle Devos,Nathalie Baye,David Clavel",,France,Français,Long-métrage,2015,-,203 055 entrées,"3,2","3,0",18 articles de presse,,"Depuis la mort tragique de Luc, son fils adolescent, Diane peine à remonter la pente. Après avoir quitté sans autorisation la clinique de Lausanne où elle était hospitalisée, elle reprend contact avec le détective privé qu'elle a chargé d'enquêter sur les circonstances de l'accident de la circulation qui a coûté la vie à son garçon. Ce dernier lui confie avoir identifié les propriétaires de quatre voitures répondant à la déposition d'un témoin du drame. Après un premier repérage infructueux, Diane s'intéresse de près à un couple qui met en vente son véhicule de couleur moka. Bientôt, elle pousse la porte de la boutique d'esthétique que tient la femme, Marlène..."
La Sirène,28/06/2023,101,Sepideh Farsi, Bac Films ,"Mina Kavani,Hadmidreza Djavdan",,France,Perse,Long-métrage,2022,-,5 847 entrées,"3,5","3,7",13 Critiques Spectateurs,,"1980, dans le sud de l’Iran. Les habitants d’Abadan résistent au siège des Irakiens. Il y a là Omid, 14 ans, qui a décidé de rester sur place chez son grand-père, en attendant le retour de son grand frère du front. Mais comment résister en temps de guerre sans prendre les armes ? Omid découvre alors un bateau abandonné dans le port d’Abadan. Aurait-il enfin trouvé le moyen de sauver ceux qu’il aime ?"
Je verrai toujours vos visages,29/03/2023,118,Jeanne Herry, StudioCanal ,"Adèle Exarchopoulos,Dali Benssalah,Leïla Bekhti",,France,Français,Long-métrage,2023,-,1 160 049 entrées,"4,1","4,4",35 articles de presse,,"Depuis 2014, en France, la Justice Restaurative propose à des personnes victimes et auteurs d’infraction de dialoguer dans des dispositifs sécurisés, encadrés par des professionnels et des bénévoles comme Judith, Fanny ou Michel."
Mission Impossible - Fallout,01/08/2018,148,Christopher McQuarrie, Paramount Pictures France ,"Tom Cruise,Henry Cavill,Ving Rhames",,U.S.A.,Anglais,Long-métrage,2018,-,3 009 662 entrées,"3,8","4,0",38 articles de presse,2 nominations,Les meilleures intentions finissent souvent par se retourner contre vous…
L'Île rouge,31/05/2023,117,Robin Campillo, Memento Distribution ,"Nadia Tereszkiewicz,Quim Gutiérrez,Charlie Vauselle",,France,Français,Long-métrage,2023,-,145 005 entrées,"3,5","2,7",26 articles de presse,,"Début des années 70, sur une base de l’armée française à Madagascar, les militaires et leurs familles vivent les dernières illusions du colonialisme."
Avatar : la voie de l'eau,14/12/2022,192,James Cameron, The Walt Disney Company France ,"Sam Worthington,Zoe Saldana,Sigourney Weaver",Avatar: The Way of Water,U.S.A.,Anglais,Long-métrage,2022,-,14 000 193 entrées,"4,1","4,2",42 articles de presse,2 prix et 6 nominations,"Se déroulant plus d’une décennie après les événements relatés dans le premier film, AVATAR : LA VOIE DE L’EAU raconte l'histoire des membres de la famille Sully (Jake, Neytiri et leurs enfants), les épreuves auxquelles ils sont confrontés, les chemins qu’ils doivent emprunter pour se protéger les uns les autres, les batailles qu’ils doivent mener pour rester en vie et les tragédies qu'ils endurent."
Les Petites victoires,01/03/2023,90,Mélanie Auffret, Zinc Film ,"Michel Blanc,Julia Piaton,Lionel Abelanski",,France,Français,Long-métrage,2023,-,908 292 entrées,"3,6","3,9",20 articles de presse,2 prix et 1 nomination,"Entre ses obligations de maire et son rôle d'institutrice au sein du petit village de Kerguen, les journées d’Alice sont déjà bien remplies. L’arrivée dans sa classe d’Emile, un sexagénaire au caractère explosif, enfin décidé à apprendre à lire et à écrire, va rendre son quotidien ingérable. Surtout qu’Alice, qui n'avait rien vu venir, va devoir aussi sauver son village et son école…"
Le Croque-mitaine,31/05/2023,99,Rob Savage, The Walt Disney Company France ,"Chris Messina,Sophie Thatcher,Vivien Lyra Blair",The Boogeyman,U.S.A.,Anglais,Long-métrage,2023,-,301 316 entrées,"3,2","2,7",15 articles de presse,,"Sadie Harper, une jeune lycéenne, et sa petite sœur Sawyer sont encore sous le choc de la mort récente de leur mère. Dévasté par sa propre douleur, leur père Will, thérapeute de profession, ne leur prodigue ni le soutien ni l’affection qu’elles tentent de lui réclamer. Lorsqu'un patient désespéré se présente à l'improviste à leur domicile pour demander de l'aide, celui-ci fait entrer avec lui une terrifiante entité s’attaquant aux familles et se nourrissant de leurs plus grandes souffrances."
La Tête dans les étoiles,06/07/2023,,Emmanuel Gillibert,-,"Hakim Jemili,Alice Pol,François-Xavier Demaison",,France,Français,Long-métrage,2023,-,,"1,5",,55 Critiques Spectateurs,,"Ali, trentenaire de banlieue, vit encore chez sa mère avec sa fille de 8 ans. Flemmard, sans ambition particulière, il vivote grâce à des petits jobs de livreur de fast-food. A la suite d’une livraison, il va, par un accident du destin, se retrouver propulsé dans l’espace, à bord de la station ISS. La conquête spatiale s’apprête à écrire un chapitre surprenant et inédit de son histoire…"
Luise,05/07/2023,99,Matthias Luthardt, Pyramide Distribution ,"Luise Aschenbrenner,Christa Théret,Leonard Kunz",,France,"Français, Allemand",Long-métrage,2023,-,1 745 entrées,"2,8","3,0",6 articles de presse,,"Octobre 1918. La Première Guerre mondiale s’étire. Luise, 25 ans, vit seule dans une ferme isolée en Alsace, territoire allemand depuis 50 ans. Hélène, jeune Française en fuite vers les Pays-Bas, y trouve refuge, poursuivie par un soldat allemand, Hermann, qu’elle aurait blessé pour une raison mystérieuse. Il la retrouve et s’impose dans la ferme bien que cela fasse de lui un déserteur. Luise accepte de les héberger tous les deux sans rien connaître de leur passé. Un dangereux jeu à trois se met en place..."
Gangsters par alliance,07/07/2023,95,Tyler Spindel,-,"Adam Devine,Nina Dobrev,Pierce Brosnan",The Out-Laws,U.S.A.,Anglais,Long-métrage,2023,-,,"1,8",,26 Critiques Spectateurs,,"Quand la banque que gère Owen se fait cambrioler quelques jours avant son mariage, toutes les preuves désignent des suspects incroyablement gênants : ses futurs beaux-parents !"
Astérix et Obélix : L'Empire du milieu,01/02/2023,112,Guillaume Canet, Pathé ,"Guillaume Canet,Gilles Lellouche,Marion Cotillard",,France,Français,Long-métrage,2023,64 M€,4 595 903 entrées,"2,4","1,8",39 articles de presse,,"Nous sommes en 50 avant J.C. L’Impératrice de Chine est emprisonnée suite à un coup d’état fomenté par Deng Tsin Quin, un prince félon."
Le Parfum vert,21/12/2022,101,Nicolas Pariser, Diaphana Distribution ,"Sandrine Kiberlain,Vincent Lacoste,Rüdiger Vogler",,France,Français,Long-métrage,2022,7 M€,206 770 entrées,"3,5","2,3",32 articles de presse,,"En pleine représentation, un comédien de la Comédie-Française est assassiné par empoisonnement. Martin, membre de la troupe témoin direct de cet assassinat, est bientôt soupçonné par la police et pourchassé par la mystérieuse organisation qui a commandité le meurtre. Aidé par une dessinatrice de bandes dessinées, Claire, il cherchera à élucider ce mystère au cours d'un voyage très mouvementé en Europe."
Pop Redemption,05/06/2013,95,Martin Le Gall, Gaumont Distribution ,"Julien Doré,Grégory Gadebois,Jonathan Cohen",,France,Français,Long-métrage,2012,-,88 209 entrées,"2,6","2,9",13 articles de presse,,"Chaque été, depuis leur adolescence, les Dead MaKabés se paient ce qu’ils appellent prétentieusement une ""tournée d’été"" - quelques concerts dans des festivals du fin fond de l’Europe."
Virgin suicides,27/09/2000,97,Sofia Coppola, Carlotta Films ,"Kirsten Dunst,James Woods,Kathleen Turner",The Virgin Suicides,U.S.A.,Anglais,Long-métrage,1999,6 000 000 $,,"4,4","3,9",26 articles de presse,,"États-Unis, années 1970. Cecilia Lisbon, dernière- née d’une fratrie de cinq filles, vient de faire une tentative de suicide. Pour changer les idées de leur benjamine, les parents acceptent d’organiser une fête à laquelle sont conviés des garçons du quartier, depuis toujours fascinés par ces cinq sœurs à la beauté renversante. Au cours de cette soirée, Cecilia se jette par la fenêtre. Dès lors, les filles Lisbon, au nombre de quatre, vont être de plus en plus étouffées par leurs parents surprotecteurs, jusqu’à la tragédie ultime..."
"Cléo, Melvil et moi",05/07/2023,73,Arnaud Viard, Moonlight Films Distribution ,"Arnaud Viard,Marianne Denicourt,Romane Bohringer",,France,Français,Long-métrage,2023,-,2 306 entrées,"3,3","3,2",12 articles de presse,,"Dans le Paris désert du premier confinement, Arnaud, 55 ans, séparé d’Isabelle et père de deux enfants, va profiter de ces 55 jours pour prendre soin d’eux et faire le point sur sa vie ; ce qui le conduit aux souvenirs mais aussi à l’avenir… L’avenir, c’est peut-être Marianne, la pharmacienne du quartier… Ses yeux sont verts, et derrière la vitre en plexiglas, une attirance va naître."
Deux Moi,11/09/2019,110,Cédric Klapisch, StudioCanal ,"Ana Girardot,François Civil,Camille Cottin",,France,Français,Long-métrage,2018,-,646 565 entrées,"3,7","3,5",33 articles de presse,3 nominations,
Athena,23/09/2022,97,Romain Gavras,-,"Dali Benssalah,Sami Slimane,Anthony Bajon",,France,Français,Long-métrage,2022,-,,"2,9","2,6",26 articles de presse,4 nominations,"Rappelé du front à la suite de la mort de son plus jeune frère, décédé des suites d’une prétendue intervention de police, Abdel retrouve sa famille déchirée. Entre le désir de vengeance de son petit frère Karim et le business en péril de son grand frère dealer Moktar, il essaye de calmer les tensions. Minute après minute, la cité Athena se transforme en château fort, théâtre d’une tragédie familiale et collective à venir. Au moment où chacun pense avoir trouvé la vérité, la cité est sur le point de basculer dans le chaos…"
Run Rabbit Run,28/06/2023,100,Daina Reid,-,"Sarah Snook,Greta Scacchi,Damon Herriman",,Australie,Anglais,Long-métrage,2023,-,,"1,7",,40 Critiques Spectateurs,,"Une mère célibataire s'inquiète du comportement de sa fille qui affirme avoir des souvenirs d'une autre vie, réveillant un douloureux passé familial."
Entre nous,12/07/2023,97,Jude Bauman, KapFilms ,"Amandine Noworyta,Iris Jodorowsky,Jean-François Stévenin",,France,Français,Long-métrage,2023,-,12 entrées,"1,8","1,6",5 articles de presse,,"Elodie et Laetitia vivent un amour fusionnel et rêvent d’avoir un enfant par PMA (procréation médicalement assistée). Alors qu’Elodie découvre qu’elle ne peut pas tomber enceinte à cause d’un problème de santé. Et que des ennuis financiers viennent contrarier leur projet, elles décident de prendre un colocataire."
Rheingold,28/06/2023,138,Fatih Akın, Pathé ,"Emilio Sakraya,Mona Pirzad,Hussein Eliraqui",,Allemagne,Allemand,Long-métrage,2022,-,15 096 entrées,"3,0","3,4",18 articles de presse,,"L’incroyable ascension de Giwar Hajabi, jeune immigré kurdo-iranien, ancien criminel et trafiquant de drogue devenu Xatar, star et légende du rap allemand."
Memento,11/10/2000,116,Christopher Nolan, Metropolitan FilmExport ,"Guy Pearce,Carrie-Anne Moss,Joe Pantoliano",,U.S.A.,Anglais,Long-métrage,2000,9 000 000 $,,"3,7","4,2",18 articles de presse,3 prix et 6 nominations,"Leonard Shelby ne porte que des costumes de grands couturiers et ne se déplace qu'au volant de sa Jaguar. En revanche, il habite dans des motels miteux et règle ses notes avec d'épaisses liasses de billets."
Joy Ride,05/07/2023,92,Adele Lim, Metropolitan FilmExport ,"Stephanie Hsu,Ashley Park,Sherry Cola",,U.S.A.,Anglais,Long-métrage,2023,-,9 819 entrées,"2,8",,18 Critiques Spectateurs,,"Audrey demande à son amie d’enfance Lolo, à son ancienne coloc Kat devenue star de feuilletons chinois et à Deux de Tens’ l’excentrique cousine de Lolo de l’accompagner en Chine à la recherche de sa mère biologique. Mais leur voyage se transforme en la plus dingue des expériences durant laquelle les jeunes femmes vont enchaîner les galères !"
The Covenant,23/06/2023,123,Guy Ritchie,-,"Jake Gyllenhaal,Dar Salim,Alexander Ludwig",,Grande-Bretagne,Anglais,Long-métrage,2023,-,,"3,1","4,1",7 articles de presse,,"Lors de sa dernière mission en Afghanistan, le sergent John Kinley fait équipe avec l'interprète Ahmed pour arpenter la région. Lorsque leur unité tombe dans une embuscade au cours d'une patrouille, Kinley et Ahmed sont les seuls survivants. Alors que des combattants ennemis les poursuivent, Ahmed risque sa vie pour transporter Kinley, blessé, en sécurité. De retour sur le sol américain, Kinley apprend qu'Ahmed et sa famille n'ont pas obtenu la possibilité d'entrer aux Etats-Unis comme promis. Déterminé à protéger son ami et à rembourser sa dette, Kinley retourne dans la zone de guerre pour récupérer Ahmed et les siens..."
Petit Jésus,12/07/2023,95,Julien Rigoulot, Wild Bunch Distribution ,"Antoine Bertrand,Esteban Azuara Eymard,Gérard Darmon",,France,Français,Long-métrage,2023,"3,1 M€",16 680 entrées,"2,7","3,1",14 articles de presse,,"Jean, père récemment séparé, enchaîne les galères…"
Des mains en or,07/06/2023,90,Isabelle Mergault, Zinc Film ,"Lambert Wilson,Josiane Balasko,Sylvie Testud",,France,Français,Long-métrage,2023,-,269 253 entrées,"2,2","3,4",6 articles de presse,,"François, futur académicien, est un écrivain célèbre. Avec une épouse chirurgienne, un cercle d’amis de haut rang, sa vie serait un bonheur parfait s’il ne souffrait d’un terrible mal de dos qui empoisonne son existence. Lorsque François, par le plus grand des hasards, rencontre l’incroyable Martha aux mains guérisseuses, ses douleurs de dos vont s’atténuer. Il va devenir dépendant des mains de Martha qui l’apaisent davantage que n’importe quel antidouleur. Entre ces deux personnages se tisse une amitié étonnante, avec l'occasion pour eux d'enfin saisir le meilleur que la vie peut leur offrir."
38°5 quai des orfèvres,21/06/2023,84,Benjamin Lehrer, KMBO ,"Didier Bourdon,Caroline Anglade,Yann Papin",,France,Français,Long-métrage,2023,"2,7 M€",78 031 entrées,"2,3","1,6",15 articles de presse,1 prix et 2 nominations,"Panique quai des Orfèvres ! Un tueur en série, surnommé le Ver(s) Solitaire, sème des alexandrins sur des scènes de crime, causant terreur et confusion. Clarisse Sterling, une jeune enquêtrice enthousiaste, se voit confier cette affaire sous la supervision du légendaire commissaire Keller. Armée de 200 g de chouquettes et d’un bel ananas bien placé, Clarisse doit jongler entre les bras cassés de la brigade criminelle et des énigmes tordues pour démasquer l’assassin… La mission impossible ne fait que commencer."
À contre-sens,08/06/2023,117,Domingo González,-,"Nicole Wallace,Gabriel Guevara,Marta Hazas",Culpa mía,Espagne,Espagnol,Long-métrage,2023,-,,"3,6",,95 Critiques Spectateurs,,"Noah doit quitter sa ville, son petit ami et ses amis pour emménager dans le manoir de William Leister, le nouveau et riche mari de sa mère. Âgée de dix-sept ans, fière et indépendante, Noah rencontre Nick, son nouveau demi-frère, et leurs fortes personnalités s’entrechoquent dès le début. Noah découvre bientôt que derrière l'image d'un fils modèle, Nick cache une vie de bagarre, de jeu et de courses automobiles illégales. Malgré l'abîme qui les sépare, tous deux commencent à ressentir une attirance irrésistible qui se transformera bientôt en feu et en folle passion. Ni la rivalité permanente, ni l'opposition de leur entourage ne peuvent les empêcher de tomber secrètement et follement amoureux. Mais le présent turbulent de Nick et le passé orageux de Noah mettront à l'épreuve leur vie et leur amour interdit."
Une zone à défendre,07/07/2023,103,Romain Cogitore,-,"François Civil,Lyna Khoudri,Nathalie Richard",,France,Français,Long-métrage,2023,-,,"3,2","3,4",9 articles de presse,,"Greg, officier de la DGSI, est envoyé sous une fausse identité pour infiltrer une ZAD. Il y rencontre Myriam, une militante écologiste. 18 mois plus tard, Greg retourne sur place pour une mission officielle, il retrouve Myriam et découvre qu’elle a un bébé. Déchiré entre son ambition professionnelle et un amour naissant, Greg doit faire un choix, qui peut tout changer. Car le temps presse, bientôt tout disparaîtra."
Magnificat,21/06/2023,97,Virginie Sauveur, Orange Studio / Alba Films ,"Karin Viard,François Berléand,Maxime Bergeron",,France,Français,Long-métrage,2023,-,79 063 entrées,"2,5","3,4",16 articles de presse,,"À la mort d’un prêtre, la chancelière du diocèse découvre abasourdie qu’il s’agissait d’une femme ! Contre l’avis de son évêque qui souhaite étouffer l’affaire, elle mène l’enquête pour comprendre comment et avec quelles complicités une telle imposture a été possible..."
Les Gardiens de la Galaxie 3,03/05/2023,150,James Gunn, The Walt Disney Company France ,"Chris Pratt,Zoe Saldana,Dave Bautista",Guardians of the Galaxy Vol. 3,U.S.A.,Anglais,Long-métrage,2023,-,3 436 492 entrées,"3,7","4,2",29 articles de presse,,"Notre bande de marginaux favorite a quelque peu changé. Peter Quill, qui pleure toujours la perte de Gamora, doit rassembler son équipe pour défendre l’univers et protéger l’un des siens. En cas d’échec, cette mission pourrait bien marquer la fin des Gardiens tels que nous les connaissons."
Transformers: Rise Of The Beasts,07/06/2023,128,Steven Caple Jr., Paramount Pictures France ,"Anthony Ramos,Dominique Fishback,Luna Lauren Velez",,U.S.A.,Anglais,Long-métrage,2023,-,1 121 702 entrées,"2,8","3,0",18 articles de presse,,Transformers : Rise of the Beasts renoue avec l'action et le grand spectacle qui ont séduit des millions de spectateurs à travers le monde. Ce nouveau volet se déroule au cœur des années 90 et nous emmène aux quatre coins du globe. Une toute nouvelle faction de robots Transformers - les Maximals - se joindront aux Autobots dans l’éternelle bataille qu’ils livrent face aux Decepticons.
Les Meutes,19/07/2023,94,Kamal Lazraq, Ad Vitam ,"Ayoub Elaid,Abdellatif Masstouri,Mohamed Hmimsa",,France,Arabe,Long-métrage,2023,-,11 067 entrées,"3,6","3,0",18 articles de presse,3 prix et 6 nominations,
Les Ombres persanes,19/07/2023,107,Mani Haghighi, Diaphana Distribution ,"Taraneh Alidoosti,Navid Mohammadzadeh,Esmail Poor-Reza",Tafrigh,Iran,Farsi,Long-métrage,2022,-,11 969 entrées,"3,6","3,6",16 articles de presse,,"À Téhéran, un homme et une femme découvrent par hasard qu’un autre couple leur ressemble trait pour trait. Passé le trouble et l’incompréhension va naître une histoire d’amour... et de manipulation."
Sur la branche,26/07/2023,91,Marie Garel-Weiss, Pyramide Distribution ,"Daphne Patakia,Benoît Poelvoorde,Agnès Jaoui",,France,Français,Long-métrage,2023,"3,8 M€",5 965 entrées,"3,3","3,2",18 articles de presse,2 nominations,"Mimi a presque trente ans et rêve toujours à ce qu'elle pourrait faire quand elle sera grande. Alors qu'elle se décide à chercher du travail, elle fait la connaissance de Paul, un avocat sur la touche. Ensemble ils vont tenter de défendre Christophe, un petit arnaqueur qui clame son innocence. Si Paul voit dans cette affaire un moyen de se refaire, Mimi y voit, elle, une mission, un chemin vers la justice et la vérité."
The First Slam Dunk,26/07/2023,124,Takehiko Inoue, Wild Bunch Distribution ,"Shugo Nakamura,Katsuhisa Hōki,Tetsu Inada",,Japon,Japonais,Long-métrage,2022,-,10 003 entrées,"3,9","4,2",26 Critiques Spectateurs,,"Le meneur de jeu de Shohoku, Ryota Miyagi, joue toujours intelligemment et à la vitesse de l'éclair, contournant ses adversaires tout en gardant son sang-froid. Né et élevé à Okinawa, Ryota avait un frère aîné de trois ans de plus. Sur les traces de ce dernier, joueur local célèbre dès son plus jeune âge, Ryota est également devenu accro au basket. En deuxième année de lycée, Ryota fait partie de l'équipe de basket-ball du lycée Shohoku, aux côtés de Sakuragi, Rukawa, Akagi et Mitsui, et participe au championnat national inter-lycées. À présent, ils sont sur le point de se mesurer aux champions en titre, les joueurs du lycée Sannoh Kogyo."
Cash,06/07/2023,95,Jérémie Rozan,-,"Raphaël Quenard,Agathe Rousselle,Igor Gotesman",,France,Français,Long-métrage,2023,-,,"3,3","3,5",11 articles de presse,,"À Chartres, les Breuil, à la tête d’un important groupe de parfums, règnent sur la ville de père en fils. Toujours à Chartres, mais à des années-lumière de ce monde de luxe, Daniel Sauveur ne supporte plus la richesse insolente des Breuil et vit de petites combines. Quand le projet qu’il a monté avec son copain d’enfance est sabordé par le groupe, il n’a plus qu’une idée en tête : se venger. Il se débrouille alors pour être embauché dans l’usine familiale et convainc ses collègues de dérober une partie du stock. Avec toujours le même objectif : faire tomber la plus puissante dynastie de la ville…"
Sous le tapis,19/07/2023,97,Camille Japy, Paname Distribution ,"Ariane Ascaride,Bérénice Bejo,Thomas Scimeca",,France,Français,Long-métrage,2023,-,18 017 entrées,"3,1","3,5",17 articles de presse,2 nominations,"Odile se prépare à fêter son anniversaire. Alors que ses enfants et petits enfants sont en route pour la soirée, Jean, son mari, décède brutalement. Incapable de faire face à cette réalité, elle le cache sous son lit..."
Sabotage,26/07/2023,104,Daniel Goldhaber, Tandem ,"Ariela Barer,Kristine Frøseth,Lukas Gage",How To Blow Up A Pipeline,U.S.A.,Anglais,Long-métrage,2023,-,2 898 entrées,"3,5","3,2",20 articles de presse,,"Face à l’urgence écologique, un groupe de jeunes activistes se fixe une mission périlleuse : saboter un pipeline qui achemine du pétrole dans tous les Etats-Unis. Car parfois, le seul moyen d’être entendu est de passer à l’action."
The Flash,14/06/2023,144,Andy Muschietti, Warner Bros. France ,"Ezra Miller,Sasha Calle,Michael Shannon",,U.S.A.,Anglais,Long-métrage,2023,-,852 922 entrées,"2,5","3,0",28 articles de presse,,"Les réalités s’affrontent dans THE FLASH lorsque Barry se sert de ses super-pouvoirs pour remonter le temps et modifier son passé. Mais ses efforts pour sauver sa famille ne sont pas sans conséquences sur l’avenir, et Barry se retrouve pris au piège d’une réalité où le général Zod est de retour, menaçant d’anéantir la planète, et où les super-héros ont disparu. À moins que Barry ne réussisse à tirer de sa retraite un Batman bien changé et à venir en aide à un Kryptonien incarcéré, qui n’est pas forcément celui qu’il recherche. Barry s’engage alors dans une terrible course contre la montre pour protéger le monde dans lequel il est et retrouver le futur qu’il connaît. Mais son sacrifice ultime suffira-t-il à sauver l’univers ?"
L'Amour et les Forêts,24/05/2023,105,Valérie Donzelli, Diaphana Distribution ,"Virginie Efira,Melvil Poupaud,Dominique Reymond",,France,Français,Long-métrage,2023,-,647 562 entrées,"3,8","3,9",32 articles de presse,,
Master Gardener,05/07/2023,110,Paul Schrader, The Jokers / Les Bookmakers ,"Joel Edgerton,Sigourney Weaver,Quintessa Swindell",,U.S.A.,Anglais,Long-métrage,2022,-,31 897 entrées,"3,5","3,1",27 articles de presse,2 nominations,"Narvel est un horticulteur dévoué aux jardins de la très raffinée Mme Haverhill. Mais lorsque son employeuse l'oblige à prendre sa petite-nièce Maya comme apprentie, le chaos s’installe, révélant ainsi les sombres secrets du passé de Narvel…"
Les Vengeances de Maître Poutifard,28/06/2023,90,Pierre-François Martin-Laval, UGC Distribution ,"Christian Clavier,Isabelle Nanty,Jennie-Anne Walker",,France,Français,Long-métrage,2023,-,421 927 entrées,"2,0","2,1",5 articles de presse,,"Instituteur à la retraite, Robert Poutifard n'a plus qu'une idée en tête : se venger de ses anciens élèves qui ont gâché sa vie ! Pour l’aider à mettre en place son plan diabolique, il a la meilleure des complices à ses côtés... sa maman. Ensemble, ils vont leur en faire voir de toutes les couleurs ! La vengeance est un plat qui se mange froid, et Robert Poutifard leur prépare une vraie surprise du chef."
La Maison du mal,19/07/2023,88,Samuel Bodin, Metropolitan FilmExport ,"Lizzy Caplan,Antony Starr,Cleopatra Coleman",Cobweb,U.S.A.,Anglais,Long-métrage,2023,-,71 291 entrées,"2,0","2,9",3 articles de presse,,"Peter, âgé de huit ans, est tourmenté par un bruit mystérieux et incessant de tapotement provenant du mur de sa chambre – mais ses parents affirment que ce n’est que le fruit de son imagination. À mesure que sa peur s'intensifie, Peter se persuade que ses parents lui cachent un terrible secret et perd toute confiance en eux, ce qui ne fait qu’accroître son angoisse et ses terreurs..."
Limbo,12/07/2023,118,Soi Cheang, Kinovista ,"Ka Tung Lam,Yase Liu,Mason Lee",,Hong-Kong,"Chinois, Japonais, Cantonais",Long-métrage,2021,-,27 487 entrées,"4,0","3,8",21 articles de presse,2 prix et 5 nominations,"Dans les bas-fonds de Hong-Kong, un flic vétéran et son jeune supérieur doivent faire équipe pour arrêter un tueur qui s’attaque aux femmes, laissant leur main coupée pour seule signature. Quand toutes leurs pistes s’essoufflent, ils décident d’utiliser une jeune délinquante comme appât."
Il Boemo,21/06/2023,140,Petr Vaclav, Nour Films ,"Vojtěch Dyk,Barbara Ronchi,Elena Radonicich",,République tchèque,Italien,Long-métrage,2022,-,94 884 entrées,"4,0","4,0",19 articles de presse,,"1764. Dans une Venise libertine, le musicien et compositeur Josef Myslivecek, surnommé « Il Boemo », ne parvient pas à percer malgré son talent. Sa liaison avec une femme de la cour lui permet d’accéder à son rêve et de composer un opéra. Dès lors sa renommée grandit, mais jusqu’où ira-t-il ? La vie, l’œuvre et les frasques d’un compositeur de génie oublié que le jeune Mozart admirait."
La Petite sirène,24/05/2023,136,Rob Marshall, The Walt Disney Company France ,"Halle Bailey,Cerise Calixte,Jonah Hauer-King",The Little Mermaid,U.S.A.,Anglais,Long-métrage,2023,-,1 713 042 entrées,"2,5","2,3",20 articles de presse,,"Les années 1830, dans les eaux d'une île fictive des Caraïbes. Ariel, la benjamine des filles du roi Triton, est une jeune sirène belle et fougueuse dotée d’un tempérament d’aventurière. Rebelle dans l’âme, elle n’a de cesse d’être attirée par le monde qui existe par-delà les flots. Au détour de ses escapades à la surface, elle va tomber sous le charme du prince Eric. Alors qu'il est interdit aux sirènes d'interagir avec les humains, Ariel sent pourtant qu’elle doit suivre son cœur. Elle conclut alors un accord avec Ursula, la terrible sorcière des mers, qui lui octroie le pouvoir de vivre sur la terre ferme, mais sans se douter que ce pacte met sa vie - et la couronne de son père - en danger..."
Les Déguns 2,26/07/2023,88,Cyrille Droux, Apollo Films ,"Karim Jebli,Nordine Salhi,Sofiane Zermani",,France,Français,Long-métrage,2023,"1,8 M€",99 588 entrées,"1,4",,46 Critiques Spectateurs,,"Après leurs déboires et leurs aventures du premier opus, Nordine Salhi et Karim Jeb alias Karim et Nono reviennent plus en forme et plus déterminés que jamais et continuent leur quête de succès par tous les moyens. Après un premier échec cuisant dans l’univers de la télé-réalité, les deux acolytes décident de se lancer dans le rap. Dans sa recherche du succès musical, Karim, alias Nécrophile, aidé de son manager Nono, ne cesse d’accumuler des tentatives ratées. Une opportunité vers la célébrité est saisie, mais tout ne se passe pas comme prévu, et les mésaventures vont s'enchaîner pour les deux protagonistes."
"Ruby, l'ado Kraken",28/06/2023,90,Kirk DeMicco, Universal Pictures International France ,"Lana Condor,Toni Collette,Jane Fonda","Ruby Gillman, Teenage Kraken",U.S.A.,Anglais,Long-métrage,2023,-,,"2,7","2,5",30 Critiques Spectateurs,,"Âgée de 16 ans, Ruby Gillman est aussi maladroite qu’adorable. Elle tente désespérément de trouver sa place au lycée d’Oceanside, où elle a l’impression d’être totalement transparente. Elle donne des cours de soutien en maths à un jeune skater dont elle est secrètement amoureuse, mais qui ne semble admirer chez elle que sa capacité à résoudre des équations. Et de toute façon, elle ne peut pas fréquenter les élèves les plus intéressants du lycée, car sa mère qui la surprotège, lui a formellement interdit de se baigner dans l’océan. Mais le jour où elle lui désobéit et brise cette règle d’or, elle découvre qu’elle est la descendante directe de la lignée des reines guerrières Kraken, et qu’elle est destinée à monter sur le trône jusque-là occupé par sa grand-mère : la reine guerrière des Sept mers. Les Kraken ont prêté serment de protéger les océans du monde entier de la cupidité et de la vanité des sirènes, leurs ennemies jurées. Le seul véritable problème pour Ruby est qu’elle va donc devoir s’opposer à Chelsea, la nouvelle la plus jolie et la plus populaire du lycée qui se trouve justement être une sirène. Ruby devra alors embrasser son destin et s’imposer pour protéger ceux qu’elle aime le plus."
Yo Mama,05/07/2023,97,Leïla Sy, Gaumont Distribution ,"Claudia Tagbo, Zaho,Sophie-Marie Larrouy",,France,Français,Long-métrage,2023,-,138 738 entrées,"2,4","2,8",7 articles de presse,,"Affolées par le clip de rap de leurs fils de 11 ans, trois mères de famille décident de se lancer à leur tour dans le rap avec un clip explosif dans le but de rétablir la communication au sein de leur foyer. Contre toute attente, les trois meilleures amies rencontrent un succès retentissant mais vont vite être dépassées par ce monde dont elles ignorent les codes et leur soudaine notoriété..."
Astérix et Obélix : Mission Cléopâtre,30/01/2002,112,Alain Chabat, Pathé ,"Gérard Depardieu,Christian Clavier,Jamel Debbouze",,France,Français,Long-métrage,2001,50 300 000 €,14 194 819 entrées,"3,8","4,1",16 articles de presse,1 prix et 2 nominations,"Cléopâtre, la reine d’Égypte, décide, pour défier l'Empereur romain Jules César, de construire en trois mois un palais somptueux en plein désert. Si elle y parvient, celui-ci devra concéder publiquement que le peuple égyptien est le plus grand de tous les peuples. Pour ce faire, Cléopâtre fait appel à Numérobis, un architecte d'avant-garde plein d'énergie. S'il réussit, elle le couvrira d'or. S'il échoue, elle le jettera aux crocodiles."
Farang,28/06/2023,99,Xavier Gens, StudioCanal ,"Nassim Lyes,Loryn Nounay,Olivier Gourmet",,France,Français,Long-métrage,2023,-,166 852 entrées,"3,4","3,7",16 articles de presse,,"Sam est un détenu exemplaire. A quelques mois de sa sortie de prison, il prépare assidument sa réinsertion. Lors d'une permission, son passé le rattrape et un accident ne lui laisse qu'un seul choix : la fuite. Cinq ans plus tard, il a refait sa vie en Thaïlande, où il a fondé la famille dont il a toujours rêvé. Mais Narong, le parrain local, l'oblige à plonger à nouveau dans la délinquance. Quand Sam veut tout arrêter, Narong s’attaque à sa famille… Sam va traverser la Thaïlande pour se venger de son bourreau."
Le Retour,12/07/2023,106,Catherine Corsini, Le Pacte ,"Aïssatou Diallo Sagna,Suzy Bemba,Esther Gohourou",,France,Français,Long-métrage,2023,"4,7 M€",29 467 entrées,"3,0","3,4",28 articles de presse,5 nominations,"Khédidja travaille pour une famille parisienne aisée qui lui propose de s'occuper des enfants le temps d’un été en Corse. L'opportunité pour elle de retourner avec ses filles, Jessica et Farah, sur cette île qu'elles ont quittée quinze ans plus tôt dans des circonstances tragiques."
À contretemps,05/07/2023,103,Juan Diego Botto, Condor Distribution ,"Penélope Cruz,Luis Tosar,Christian Checa",En los márgenes,Espagne,Espagnol,Long-métrage,2022,-,42 608 entrées,"3,6","3,4",17 articles de presse,2 nominations,"Avocat aux fortes convictions sociales, Rafa a jusqu’à minuit pour retrouver la mère d’une fillette laissée seule dans un logement insalubre. A défaut, la police placera la petite en foyer. Dans sa course contre la montre, Rafa croise la route d’Azucena, une femme injustement menacée d’expulsion, et qui pour s’en sortir, tente de provoquer une révolte citoyenne. Alors que les heures défilent implacablement pour ces deux âmes en lutte, Madrid devient le lieu de toutes les colères.."
Vers un avenir radieux,28/06/2023,95,Nanni Moretti, Le Pacte ,"Nanni Moretti,Margherita Buy,Silvio Orlando",Il sol dell’avvenire,Italie,Italien,Long-métrage,2023,-,180 076 entrées,"3,9","3,3",26 articles de presse,5 nominations,"Giovanni, cinéaste italien renommé, s’apprête à tourner son nouveau film. Mais entre son couple en crise, son producteur français au bord de la faillite et sa fille qui le délaisse, tout semble jouer contre lui ! Toujours sur la corde raide, Giovanni va devoir repenser sa manière de faire s’il veut mener tout son petit monde vers un avenir radieux."
